﻿{"cameraMode":{"drawMode":0,"name":"Shaded","section":"Shading Mode"},"sceneLighting":true,"audioPlay":false,"sceneViewState":{"m_AlwaysRefresh":false,"showFog":true,"showSkybox":true,"showFlares":true,"showImageEffects":true,"showParticleSystems":true,"showVisualEffectGraphs":true,"m_FxEnabled":true},"in2DMode":false,"pivot":{"x":-0.8459763526916504,"y":0.1732931137084961,"z":-1.174940824508667},"rotation":{"x":-0.35982412099838259,"y":0.40509772300720217,"z":-0.17742379009723664,"w":-0.8215625286102295},"size":1.8700909614562989,"orthographic":false}