{"msg":"init","dagFile":"Library/Bee/1900b0aE.dag","targets":["ScriptAssemblies"]}
{"msg":"enqueueNode","enqueuedNodeAnnotation":"ScriptAssemblies","enqueuedNodeIndex":6}
{"msg":"enqueueNode","enqueuedNodeAnnotation":"MovedFromExtractor Library/Bee/artifacts/mvdfrm/UnityEditor.CoreModule.dll_05C53AD368362341.mvfrm","enqueuedNodeIndex":5,"enqueueingNodeAnnotation":"ScriptAssemblies","enqueueingNodeIndex":6}
{"msg":"enqueueNode","enqueuedNodeAnnotation":"MovedFromExtractor Library/Bee/artifacts/mvdfrm/UnityEditor.DeviceSimulatorModule.dll_1929E90ADFBDF550.mvfrm","enqueuedNodeIndex":7,"enqueueingNodeAnnotation":"ScriptAssemblies","enqueueingNodeIndex":6}
{"msg":"enqueueNode","enqueuedNodeAnnotation":"MovedFromExtractor Library/Bee/artifacts/mvdfrm/UnityEditor.DiagnosticsModule.dll_DC65710104F8539E.mvfrm","enqueuedNodeIndex":8,"enqueueingNodeAnnotation":"ScriptAssemblies","enqueueingNodeIndex":6}
{"msg":"enqueueNode","enqueuedNodeAnnotation":"MovedFromExtractor Library/Bee/artifacts/mvdfrm/UnityEditor.dll_ACBFF8A5619BC284.mvfrm","enqueuedNodeIndex":9,"enqueueingNodeAnnotation":"ScriptAssemblies","enqueueingNodeIndex":6}
{"msg":"enqueueNode","enqueuedNodeAnnotation":"MovedFromExtractor Library/Bee/artifacts/mvdfrm/UnityEditor.EditorToolbarModule.dll_186FAB1772589920.mvfrm","enqueuedNodeIndex":10,"enqueueingNodeAnnotation":"ScriptAssemblies","enqueueingNodeIndex":6}
{"msg":"enqueueNode","enqueuedNodeAnnotation":"MovedFromExtractor Library/Bee/artifacts/mvdfrm/UnityEditor.GraphToolsFoundationModule.dll_0DC9504BFF962F22.mvfrm","enqueuedNodeIndex":11,"enqueueingNodeAnnotation":"ScriptAssemblies","enqueueingNodeIndex":6}
{"msg":"enqueueNode","enqueuedNodeAnnotation":"MovedFromExtractor Library/Bee/artifacts/mvdfrm/UnityEditor.GraphViewModule.dll_43282DD88B542FB5.mvfrm","enqueuedNodeIndex":12,"enqueueingNodeAnnotation":"ScriptAssemblies","enqueueingNodeIndex":6}
{"msg":"enqueueNode","enqueuedNodeAnnotation":"MovedFromExtractor Library/Bee/artifacts/mvdfrm/UnityEditor.PresetsUIModule.dll_FE8E66BA8DAC87BA.mvfrm","enqueuedNodeIndex":13,"enqueueingNodeAnnotation":"ScriptAssemblies","enqueueingNodeIndex":6}
{"msg":"enqueueNode","enqueuedNodeAnnotation":"MovedFromExtractor Library/Bee/artifacts/mvdfrm/UnityEditor.PropertiesModule.dll_35B51734BF084F95.mvfrm","enqueuedNodeIndex":14,"enqueueingNodeAnnotation":"ScriptAssemblies","enqueueingNodeIndex":6}
{"msg":"enqueueNode","enqueuedNodeAnnotation":"MovedFromExtractor Library/Bee/artifacts/mvdfrm/UnityEditor.QuickSearchModule.dll_6774F20E5DCF4FF7.mvfrm","enqueuedNodeIndex":15,"enqueueingNodeAnnotation":"ScriptAssemblies","enqueueingNodeIndex":6}
{"msg":"enqueueNode","enqueuedNodeAnnotation":"MovedFromExtractor Library/Bee/artifacts/mvdfrm/UnityEditor.SceneTemplateModule.dll_3C0F1BD571454358.mvfrm","enqueuedNodeIndex":16,"enqueueingNodeAnnotation":"ScriptAssemblies","enqueueingNodeIndex":6}
{"msg":"enqueueNode","enqueuedNodeAnnotation":"MovedFromExtractor Library/Bee/artifacts/mvdfrm/UnityEditor.SceneViewModule.dll_81D810E08076FCC3.mvfrm","enqueuedNodeIndex":17,"enqueueingNodeAnnotation":"ScriptAssemblies","enqueueingNodeIndex":6}
{"msg":"enqueueNode","enqueuedNodeAnnotation":"MovedFromExtractor Library/Bee/artifacts/mvdfrm/UnityEditor.TerrainModule.dll_91E31E3EA43B66A7.mvfrm","enqueuedNodeIndex":18,"enqueueingNodeAnnotation":"ScriptAssemblies","enqueueingNodeIndex":6}
{"msg":"enqueueNode","enqueuedNodeAnnotation":"MovedFromExtractor Library/Bee/artifacts/mvdfrm/UnityEditor.TextCoreFontEngineModule.dll_F3AF489C7000779F.mvfrm","enqueuedNodeIndex":19,"enqueueingNodeAnnotation":"ScriptAssemblies","enqueueingNodeIndex":6}
{"msg":"enqueueNode","enqueuedNodeAnnotation":"MovedFromExtractor Library/Bee/artifacts/mvdfrm/UnityEditor.TextCoreTextEngineModule.dll_3B977F0DFF8430BD.mvfrm","enqueuedNodeIndex":20,"enqueueingNodeAnnotation":"ScriptAssemblies","enqueueingNodeIndex":6}
{"msg":"enqueueNode","enqueuedNodeAnnotation":"MovedFromExtractor Library/Bee/artifacts/mvdfrm/UnityEditor.UIBuilderModule.dll_97B0DAF4FE0CA8E9.mvfrm","enqueuedNodeIndex":21,"enqueueingNodeAnnotation":"ScriptAssemblies","enqueueingNodeIndex":6}
{"msg":"enqueueNode","enqueuedNodeAnnotation":"MovedFromExtractor Library/Bee/artifacts/mvdfrm/UnityEditor.UIElementsModule.dll_609212503F00A4DD.mvfrm","enqueuedNodeIndex":22,"enqueueingNodeAnnotation":"ScriptAssemblies","enqueueingNodeIndex":6}
{"msg":"enqueueNode","enqueuedNodeAnnotation":"MovedFromExtractor Library/Bee/artifacts/mvdfrm/UnityEditor.UIElementsSamplesModule.dll_70F75F0C4D60D960.mvfrm","enqueuedNodeIndex":23,"enqueueingNodeAnnotation":"ScriptAssemblies","enqueueingNodeIndex":6}
{"msg":"enqueueNode","enqueuedNodeAnnotation":"MovedFromExtractor Library/Bee/artifacts/mvdfrm/UnityEditor.UnityConnectModule.dll_44A3B9A2D0337277.mvfrm","enqueuedNodeIndex":24,"enqueueingNodeAnnotation":"ScriptAssemblies","enqueueingNodeIndex":6}
{"msg":"enqueueNode","enqueuedNodeAnnotation":"MovedFromExtractor Library/Bee/artifacts/mvdfrm/UnityEngine.AccessibilityModule.dll_6EB4876C71BB6AF5.mvfrm","enqueuedNodeIndex":25,"enqueueingNodeAnnotation":"ScriptAssemblies","enqueueingNodeIndex":6}
{"msg":"enqueueNode","enqueuedNodeAnnotation":"MovedFromExtractor Library/Bee/artifacts/mvdfrm/UnityEngine.AIModule.dll_F4C0AA8AFE649375.mvfrm","enqueuedNodeIndex":26,"enqueueingNodeAnnotation":"ScriptAssemblies","enqueueingNodeIndex":6}
{"msg":"enqueueNode","enqueuedNodeAnnotation":"MovedFromExtractor Library/Bee/artifacts/mvdfrm/UnityEngine.AndroidJNIModule.dll_DEDAFB23882013B3.mvfrm","enqueuedNodeIndex":27,"enqueueingNodeAnnotation":"ScriptAssemblies","enqueueingNodeIndex":6}
{"msg":"enqueueNode","enqueuedNodeAnnotation":"MovedFromExtractor Library/Bee/artifacts/mvdfrm/UnityEngine.AnimationModule.dll_11ADAA0165B1045B.mvfrm","enqueuedNodeIndex":28,"enqueueingNodeAnnotation":"ScriptAssemblies","enqueueingNodeIndex":6}
{"msg":"enqueueNode","enqueuedNodeAnnotation":"MovedFromExtractor Library/Bee/artifacts/mvdfrm/UnityEngine.ARModule.dll_AE336F8E5B81F23E.mvfrm","enqueuedNodeIndex":29,"enqueueingNodeAnnotation":"ScriptAssemblies","enqueueingNodeIndex":6}
{"msg":"enqueueNode","enqueuedNodeAnnotation":"MovedFromExtractor Library/Bee/artifacts/mvdfrm/UnityEngine.AssetBundleModule.dll_AB5E24FFC03604E9.mvfrm","enqueuedNodeIndex":30,"enqueueingNodeAnnotation":"ScriptAssemblies","enqueueingNodeIndex":6}
{"msg":"enqueueNode","enqueuedNodeAnnotation":"MovedFromExtractor Library/Bee/artifacts/mvdfrm/UnityEngine.AudioModule.dll_A8A7A3BB2AB5568D.mvfrm","enqueuedNodeIndex":31,"enqueueingNodeAnnotation":"ScriptAssemblies","enqueueingNodeIndex":6}
{"msg":"enqueueNode","enqueuedNodeAnnotation":"MovedFromExtractor Library/Bee/artifacts/mvdfrm/UnityEngine.ClothModule.dll_0F9000B604D23571.mvfrm","enqueuedNodeIndex":32,"enqueueingNodeAnnotation":"ScriptAssemblies","enqueueingNodeIndex":6}
{"msg":"enqueueNode","enqueuedNodeAnnotation":"MovedFromExtractor Library/Bee/artifacts/mvdfrm/UnityEngine.ClusterInputModule.dll_C4402EB881BB453D.mvfrm","enqueuedNodeIndex":33,"enqueueingNodeAnnotation":"ScriptAssemblies","enqueueingNodeIndex":6}
{"msg":"enqueueNode","enqueuedNodeAnnotation":"MovedFromExtractor Library/Bee/artifacts/mvdfrm/UnityEngine.ClusterRendererModule.dll_1ED6AB7C4F7902D4.mvfrm","enqueuedNodeIndex":34,"enqueueingNodeAnnotation":"ScriptAssemblies","enqueueingNodeIndex":6}
{"msg":"enqueueNode","enqueuedNodeAnnotation":"MovedFromExtractor Library/Bee/artifacts/mvdfrm/UnityEngine.CommandStateObserverModule.dll_BE8D43B441B19FF9.mvfrm","enqueuedNodeIndex":35,"enqueueingNodeAnnotation":"ScriptAssemblies","enqueueingNodeIndex":6}
{"msg":"enqueueNode","enqueuedNodeAnnotation":"MovedFromExtractor Library/Bee/artifacts/mvdfrm/UnityEngine.ContentLoadModule.dll_44747E408EB8ACD6.mvfrm","enqueuedNodeIndex":36,"enqueueingNodeAnnotation":"ScriptAssemblies","enqueueingNodeIndex":6}
{"msg":"enqueueNode","enqueuedNodeAnnotation":"MovedFromExtractor Library/Bee/artifacts/mvdfrm/UnityEngine.CoreModule.dll_28E60E26103B8E6C.mvfrm","enqueuedNodeIndex":37,"enqueueingNodeAnnotation":"ScriptAssemblies","enqueueingNodeIndex":6}
{"msg":"enqueueNode","enqueuedNodeAnnotation":"MovedFromExtractor Library/Bee/artifacts/mvdfrm/UnityEngine.CrashReportingModule.dll_F03F3B9FEBF15D84.mvfrm","enqueuedNodeIndex":38,"enqueueingNodeAnnotation":"ScriptAssemblies","enqueueingNodeIndex":6}
{"msg":"enqueueNode","enqueuedNodeAnnotation":"MovedFromExtractor Library/Bee/artifacts/mvdfrm/UnityEngine.DirectorModule.dll_F919834328B01789.mvfrm","enqueuedNodeIndex":39,"enqueueingNodeAnnotation":"ScriptAssemblies","enqueueingNodeIndex":6}
{"msg":"enqueueNode","enqueuedNodeAnnotation":"MovedFromExtractor Library/Bee/artifacts/mvdfrm/UnityEngine.dll_DF643F7DC00F4F69.mvfrm","enqueuedNodeIndex":40,"enqueueingNodeAnnotation":"ScriptAssemblies","enqueueingNodeIndex":6}
{"msg":"enqueueNode","enqueuedNodeAnnotation":"MovedFromExtractor Library/Bee/artifacts/mvdfrm/UnityEngine.DSPGraphModule.dll_FE6AE4AC9B10E8AA.mvfrm","enqueuedNodeIndex":41,"enqueueingNodeAnnotation":"ScriptAssemblies","enqueueingNodeIndex":6}
{"msg":"enqueueNode","enqueuedNodeAnnotation":"MovedFromExtractor Library/Bee/artifacts/mvdfrm/UnityEngine.GameCenterModule.dll_0928453E4E6104A4.mvfrm","enqueuedNodeIndex":42,"enqueueingNodeAnnotation":"ScriptAssemblies","enqueueingNodeIndex":6}
{"msg":"enqueueNode","enqueuedNodeAnnotation":"MovedFromExtractor Library/Bee/artifacts/mvdfrm/UnityEngine.GIModule.dll_8CFCF3989A137B8F.mvfrm","enqueuedNodeIndex":43,"enqueueingNodeAnnotation":"ScriptAssemblies","enqueueingNodeIndex":6}
{"msg":"enqueueNode","enqueuedNodeAnnotation":"MovedFromExtractor Library/Bee/artifacts/mvdfrm/UnityEngine.GraphToolsFoundationModule.dll_913C5D63746B854D.mvfrm","enqueuedNodeIndex":44,"enqueueingNodeAnnotation":"ScriptAssemblies","enqueueingNodeIndex":6}
{"msg":"enqueueNode","enqueuedNodeAnnotation":"MovedFromExtractor Library/Bee/artifacts/mvdfrm/UnityEngine.GridModule.dll_06572A1428902463.mvfrm","enqueuedNodeIndex":45,"enqueueingNodeAnnotation":"ScriptAssemblies","enqueueingNodeIndex":6}
{"msg":"enqueueNode","enqueuedNodeAnnotation":"MovedFromExtractor Library/Bee/artifacts/mvdfrm/UnityEngine.HotReloadModule.dll_92F6680740E41FDD.mvfrm","enqueuedNodeIndex":46,"enqueueingNodeAnnotation":"ScriptAssemblies","enqueueingNodeIndex":6}
{"msg":"enqueueNode","enqueuedNodeAnnotation":"MovedFromExtractor Library/Bee/artifacts/mvdfrm/UnityEngine.ImageConversionModule.dll_8AC8A92CD19DBAC8.mvfrm","enqueuedNodeIndex":47,"enqueueingNodeAnnotation":"ScriptAssemblies","enqueueingNodeIndex":6}
{"msg":"enqueueNode","enqueuedNodeAnnotation":"MovedFromExtractor Library/Bee/artifacts/mvdfrm/UnityEngine.IMGUIModule.dll_E1074321F0E6EA6E.mvfrm","enqueuedNodeIndex":48,"enqueueingNodeAnnotation":"ScriptAssemblies","enqueueingNodeIndex":6}
{"msg":"enqueueNode","enqueuedNodeAnnotation":"MovedFromExtractor Library/Bee/artifacts/mvdfrm/UnityEngine.InputLegacyModule.dll_3CA3401E5827BADA.mvfrm","enqueuedNodeIndex":49,"enqueueingNodeAnnotation":"ScriptAssemblies","enqueueingNodeIndex":6}
{"msg":"enqueueNode","enqueuedNodeAnnotation":"MovedFromExtractor Library/Bee/artifacts/mvdfrm/UnityEngine.InputModule.dll_0F1D6B6BA0ED7B31.mvfrm","enqueuedNodeIndex":50,"enqueueingNodeAnnotation":"ScriptAssemblies","enqueueingNodeIndex":6}
{"msg":"enqueueNode","enqueuedNodeAnnotation":"MovedFromExtractor Library/Bee/artifacts/mvdfrm/UnityEngine.JSONSerializeModule.dll_CECC10A870F6CB7F.mvfrm","enqueuedNodeIndex":51,"enqueueingNodeAnnotation":"ScriptAssemblies","enqueueingNodeIndex":6}
{"msg":"enqueueNode","enqueuedNodeAnnotation":"MovedFromExtractor Library/Bee/artifacts/mvdfrm/UnityEngine.LocalizationModule.dll_028CF90B19373836.mvfrm","enqueuedNodeIndex":52,"enqueueingNodeAnnotation":"ScriptAssemblies","enqueueingNodeIndex":6}
{"msg":"enqueueNode","enqueuedNodeAnnotation":"MovedFromExtractor Library/Bee/artifacts/mvdfrm/UnityEngine.MarshallingModule.dll_53C6C394A45E323B.mvfrm","enqueuedNodeIndex":53,"enqueueingNodeAnnotation":"ScriptAssemblies","enqueueingNodeIndex":6}
{"msg":"enqueueNode","enqueuedNodeAnnotation":"MovedFromExtractor Library/Bee/artifacts/mvdfrm/UnityEngine.ParticleSystemModule.dll_435184EC5A02E912.mvfrm","enqueuedNodeIndex":54,"enqueueingNodeAnnotation":"ScriptAssemblies","enqueueingNodeIndex":6}
{"msg":"enqueueNode","enqueuedNodeAnnotation":"MovedFromExtractor Library/Bee/artifacts/mvdfrm/UnityEngine.PerformanceReportingModule.dll_DFD9C14514248F2B.mvfrm","enqueuedNodeIndex":55,"enqueueingNodeAnnotation":"ScriptAssemblies","enqueueingNodeIndex":6}
{"msg":"enqueueNode","enqueuedNodeAnnotation":"MovedFromExtractor Library/Bee/artifacts/mvdfrm/UnityEngine.Physics2DModule.dll_5E5399F206ADFBF0.mvfrm","enqueuedNodeIndex":56,"enqueueingNodeAnnotation":"ScriptAssemblies","enqueueingNodeIndex":6}
{"msg":"enqueueNode","enqueuedNodeAnnotation":"MovedFromExtractor Library/Bee/artifacts/mvdfrm/UnityEngine.PhysicsModule.dll_6A175B7A338C04FE.mvfrm","enqueuedNodeIndex":57,"enqueueingNodeAnnotation":"ScriptAssemblies","enqueueingNodeIndex":6}
{"msg":"enqueueNode","enqueuedNodeAnnotation":"MovedFromExtractor Library/Bee/artifacts/mvdfrm/UnityEngine.ProfilerModule.dll_2B5FBC79C2099E96.mvfrm","enqueuedNodeIndex":58,"enqueueingNodeAnnotation":"ScriptAssemblies","enqueueingNodeIndex":6}
{"msg":"enqueueNode","enqueuedNodeAnnotation":"MovedFromExtractor Library/Bee/artifacts/mvdfrm/UnityEngine.PropertiesModule.dll_3663847CC14C68E0.mvfrm","enqueuedNodeIndex":59,"enqueueingNodeAnnotation":"ScriptAssemblies","enqueueingNodeIndex":6}
{"msg":"enqueueNode","enqueuedNodeAnnotation":"MovedFromExtractor Library/Bee/artifacts/mvdfrm/UnityEngine.RuntimeInitializeOnLoadManagerInitializerModule.dll_8D8BCDCC62234CB9.mvfrm","enqueuedNodeIndex":60,"enqueueingNodeAnnotation":"ScriptAssemblies","enqueueingNodeIndex":6}
{"msg":"enqueueNode","enqueuedNodeAnnotation":"MovedFromExtractor Library/Bee/artifacts/mvdfrm/UnityEngine.ScreenCaptureModule.dll_E8B3BE2D8562F7E1.mvfrm","enqueuedNodeIndex":61,"enqueueingNodeAnnotation":"ScriptAssemblies","enqueueingNodeIndex":6}
{"msg":"enqueueNode","enqueuedNodeAnnotation":"MovedFromExtractor Library/Bee/artifacts/mvdfrm/UnityEngine.SharedInternalsModule.dll_0ED9E80248CBB618.mvfrm","enqueuedNodeIndex":62,"enqueueingNodeAnnotation":"ScriptAssemblies","enqueueingNodeIndex":6}
{"msg":"enqueueNode","enqueuedNodeAnnotation":"MovedFromExtractor Library/Bee/artifacts/mvdfrm/UnityEngine.SpriteMaskModule.dll_F254B7CE6FD09A1E.mvfrm","enqueuedNodeIndex":63,"enqueueingNodeAnnotation":"ScriptAssemblies","enqueueingNodeIndex":6}
{"msg":"enqueueNode","enqueuedNodeAnnotation":"MovedFromExtractor Library/Bee/artifacts/mvdfrm/UnityEngine.SpriteShapeModule.dll_C4BF525A75D83CF3.mvfrm","enqueuedNodeIndex":64,"enqueueingNodeAnnotation":"ScriptAssemblies","enqueueingNodeIndex":6}
{"msg":"enqueueNode","enqueuedNodeAnnotation":"MovedFromExtractor Library/Bee/artifacts/mvdfrm/UnityEngine.StreamingModule.dll_C6429751B538BB99.mvfrm","enqueuedNodeIndex":65,"enqueueingNodeAnnotation":"ScriptAssemblies","enqueueingNodeIndex":6}
{"msg":"enqueueNode","enqueuedNodeAnnotation":"MovedFromExtractor Library/Bee/artifacts/mvdfrm/UnityEngine.SubstanceModule.dll_A2EDAB9B008BB9A7.mvfrm","enqueuedNodeIndex":66,"enqueueingNodeAnnotation":"ScriptAssemblies","enqueueingNodeIndex":6}
{"msg":"enqueueNode","enqueuedNodeAnnotation":"MovedFromExtractor Library/Bee/artifacts/mvdfrm/UnityEngine.SubsystemsModule.dll_5D021E303E188231.mvfrm","enqueuedNodeIndex":67,"enqueueingNodeAnnotation":"ScriptAssemblies","enqueueingNodeIndex":6}
{"msg":"enqueueNode","enqueuedNodeAnnotation":"MovedFromExtractor Library/Bee/artifacts/mvdfrm/UnityEngine.TerrainModule.dll_845DD6E9094A4DEC.mvfrm","enqueuedNodeIndex":68,"enqueueingNodeAnnotation":"ScriptAssemblies","enqueueingNodeIndex":6}
{"msg":"enqueueNode","enqueuedNodeAnnotation":"MovedFromExtractor Library/Bee/artifacts/mvdfrm/UnityEngine.TerrainPhysicsModule.dll_43CC2DBF7345E39F.mvfrm","enqueuedNodeIndex":69,"enqueueingNodeAnnotation":"ScriptAssemblies","enqueueingNodeIndex":6}
{"msg":"enqueueNode","enqueuedNodeAnnotation":"MovedFromExtractor Library/Bee/artifacts/mvdfrm/UnityEngine.TextCoreFontEngineModule.dll_720EC3EF82FE366A.mvfrm","enqueuedNodeIndex":70,"enqueueingNodeAnnotation":"ScriptAssemblies","enqueueingNodeIndex":6}
{"msg":"enqueueNode","enqueuedNodeAnnotation":"MovedFromExtractor Library/Bee/artifacts/mvdfrm/UnityEngine.TextCoreTextEngineModule.dll_B9F6FA611281EF88.mvfrm","enqueuedNodeIndex":71,"enqueueingNodeAnnotation":"ScriptAssemblies","enqueueingNodeIndex":6}
{"msg":"enqueueNode","enqueuedNodeAnnotation":"MovedFromExtractor Library/Bee/artifacts/mvdfrm/UnityEngine.TextRenderingModule.dll_11F330383C9A77D6.mvfrm","enqueuedNodeIndex":72,"enqueueingNodeAnnotation":"ScriptAssemblies","enqueueingNodeIndex":6}
{"msg":"enqueueNode","enqueuedNodeAnnotation":"MovedFromExtractor Library/Bee/artifacts/mvdfrm/UnityEngine.TilemapModule.dll_235A3E6A21072EF5.mvfrm","enqueuedNodeIndex":73,"enqueueingNodeAnnotation":"ScriptAssemblies","enqueueingNodeIndex":6}
{"msg":"enqueueNode","enqueuedNodeAnnotation":"MovedFromExtractor Library/Bee/artifacts/mvdfrm/UnityEngine.TLSModule.dll_96CDD3ECE177E652.mvfrm","enqueuedNodeIndex":74,"enqueueingNodeAnnotation":"ScriptAssemblies","enqueueingNodeIndex":6}
{"msg":"enqueueNode","enqueuedNodeAnnotation":"MovedFromExtractor Library/Bee/artifacts/mvdfrm/UnityEngine.UIElementsModule.dll_61407F984144BE28.mvfrm","enqueuedNodeIndex":75,"enqueueingNodeAnnotation":"ScriptAssemblies","enqueueingNodeIndex":6}
{"msg":"enqueueNode","enqueuedNodeAnnotation":"MovedFromExtractor Library/Bee/artifacts/mvdfrm/UnityEngine.UIModule.dll_F03448B85AAB9921.mvfrm","enqueuedNodeIndex":76,"enqueueingNodeAnnotation":"ScriptAssemblies","enqueueingNodeIndex":6}
{"msg":"enqueueNode","enqueuedNodeAnnotation":"MovedFromExtractor Library/Bee/artifacts/mvdfrm/UnityEngine.UmbraModule.dll_237C4FD3B7DC0200.mvfrm","enqueuedNodeIndex":77,"enqueueingNodeAnnotation":"ScriptAssemblies","enqueueingNodeIndex":6}
{"msg":"enqueueNode","enqueuedNodeAnnotation":"MovedFromExtractor Library/Bee/artifacts/mvdfrm/UnityEngine.UnityAnalyticsCommonModule.dll_7B187E892E0D2D89.mvfrm","enqueuedNodeIndex":78,"enqueueingNodeAnnotation":"ScriptAssemblies","enqueueingNodeIndex":6}
{"msg":"enqueueNode","enqueuedNodeAnnotation":"MovedFromExtractor Library/Bee/artifacts/mvdfrm/UnityEngine.UnityAnalyticsModule.dll_62F0F5B6062A3B0E.mvfrm","enqueuedNodeIndex":79,"enqueueingNodeAnnotation":"ScriptAssemblies","enqueueingNodeIndex":6}
{"msg":"enqueueNode","enqueuedNodeAnnotation":"MovedFromExtractor Library/Bee/artifacts/mvdfrm/UnityEngine.UnityConnectModule.dll_32033DB1CABB7322.mvfrm","enqueuedNodeIndex":80,"enqueueingNodeAnnotation":"ScriptAssemblies","enqueueingNodeIndex":6}
{"msg":"enqueueNode","enqueuedNodeAnnotation":"MovedFromExtractor Library/Bee/artifacts/mvdfrm/UnityEngine.UnityCurlModule.dll_44CA4B32D5C4F648.mvfrm","enqueuedNodeIndex":81,"enqueueingNodeAnnotation":"ScriptAssemblies","enqueueingNodeIndex":6}
{"msg":"enqueueNode","enqueuedNodeAnnotation":"MovedFromExtractor Library/Bee/artifacts/mvdfrm/UnityEngine.UnityTestProtocolModule.dll_2CBA14FEA75C2EB6.mvfrm","enqueuedNodeIndex":82,"enqueueingNodeAnnotation":"ScriptAssemblies","enqueueingNodeIndex":6}
{"msg":"enqueueNode","enqueuedNodeAnnotation":"MovedFromExtractor Library/Bee/artifacts/mvdfrm/UnityEngine.UnityWebRequestAssetBundleModule.dll_86BC32449C20F85F.mvfrm","enqueuedNodeIndex":83,"enqueueingNodeAnnotation":"ScriptAssemblies","enqueueingNodeIndex":6}
{"msg":"enqueueNode","enqueuedNodeAnnotation":"MovedFromExtractor Library/Bee/artifacts/mvdfrm/UnityEngine.UnityWebRequestAudioModule.dll_57D615239A8F59C3.mvfrm","enqueuedNodeIndex":84,"enqueueingNodeAnnotation":"ScriptAssemblies","enqueueingNodeIndex":6}
{"msg":"enqueueNode","enqueuedNodeAnnotation":"MovedFromExtractor Library/Bee/artifacts/mvdfrm/UnityEngine.UnityWebRequestModule.dll_9C67B0D6DC925547.mvfrm","enqueuedNodeIndex":85,"enqueueingNodeAnnotation":"ScriptAssemblies","enqueueingNodeIndex":6}
{"msg":"enqueueNode","enqueuedNodeAnnotation":"MovedFromExtractor Library/Bee/artifacts/mvdfrm/UnityEngine.UnityWebRequestTextureModule.dll_6F574083BD4F15F8.mvfrm","enqueuedNodeIndex":86,"enqueueingNodeAnnotation":"ScriptAssemblies","enqueueingNodeIndex":6}
{"msg":"enqueueNode","enqueuedNodeAnnotation":"MovedFromExtractor Library/Bee/artifacts/mvdfrm/UnityEngine.UnityWebRequestWWWModule.dll_84B93FBD0241ABF4.mvfrm","enqueuedNodeIndex":87,"enqueueingNodeAnnotation":"ScriptAssemblies","enqueueingNodeIndex":6}
{"msg":"enqueueNode","enqueuedNodeAnnotation":"MovedFromExtractor Library/Bee/artifacts/mvdfrm/UnityEngine.VehiclesModule.dll_70DC7CC2A2D9E724.mvfrm","enqueuedNodeIndex":88,"enqueueingNodeAnnotation":"ScriptAssemblies","enqueueingNodeIndex":6}
{"msg":"enqueueNode","enqueuedNodeAnnotation":"MovedFromExtractor Library/Bee/artifacts/mvdfrm/UnityEngine.VFXModule.dll_17AC6C5BB7E54FBF.mvfrm","enqueuedNodeIndex":89,"enqueueingNodeAnnotation":"ScriptAssemblies","enqueueingNodeIndex":6}
{"msg":"enqueueNode","enqueuedNodeAnnotation":"MovedFromExtractor Library/Bee/artifacts/mvdfrm/UnityEngine.VideoModule.dll_CDB12825ED477232.mvfrm","enqueuedNodeIndex":90,"enqueueingNodeAnnotation":"ScriptAssemblies","enqueueingNodeIndex":6}
{"msg":"enqueueNode","enqueuedNodeAnnotation":"MovedFromExtractor Library/Bee/artifacts/mvdfrm/UnityEngine.VirtualTexturingModule.dll_C0A7DBD0A6A34A0A.mvfrm","enqueuedNodeIndex":91,"enqueueingNodeAnnotation":"ScriptAssemblies","enqueueingNodeIndex":6}
{"msg":"enqueueNode","enqueuedNodeAnnotation":"MovedFromExtractor Library/Bee/artifacts/mvdfrm/UnityEngine.VRModule.dll_43066F3DFC661E99.mvfrm","enqueuedNodeIndex":92,"enqueueingNodeAnnotation":"ScriptAssemblies","enqueueingNodeIndex":6}
{"msg":"enqueueNode","enqueuedNodeAnnotation":"MovedFromExtractor Library/Bee/artifacts/mvdfrm/UnityEngine.WindModule.dll_9F34E94EA1720CD5.mvfrm","enqueuedNodeIndex":93,"enqueueingNodeAnnotation":"ScriptAssemblies","enqueueingNodeIndex":6}
{"msg":"enqueueNode","enqueuedNodeAnnotation":"MovedFromExtractor Library/Bee/artifacts/mvdfrm/UnityEngine.XRModule.dll_75C5324285A06BF7.mvfrm","enqueuedNodeIndex":94,"enqueueingNodeAnnotation":"ScriptAssemblies","enqueueingNodeIndex":6}
{"msg":"enqueueNode","enqueuedNodeAnnotation":"MovedFromExtractor Library/Bee/artifacts/mvdfrm/UnityEditor.Graphs.dll_5AE4075BBCF02C73.mvfrm","enqueuedNodeIndex":101,"enqueueingNodeAnnotation":"ScriptAssemblies","enqueueingNodeIndex":6}
{"msg":"enqueueNode","enqueuedNodeAnnotation":"MovedFromExtractor Library/Bee/artifacts/mvdfrm/UnityEditor.WindowsStandalone.Extensions.dll_7458438260533B6F.mvfrm","enqueuedNodeIndex":102,"enqueueingNodeAnnotation":"ScriptAssemblies","enqueueingNodeIndex":6}
{"msg":"enqueueNode","enqueuedNodeAnnotation":"MovedFromExtractor Library/Bee/artifacts/mvdfrm/Unity.Plastic.Antlr3.Runtime.dll_DBC5D081C4D6AF26.mvfrm","enqueuedNodeIndex":103,"enqueueingNodeAnnotation":"ScriptAssemblies","enqueueingNodeIndex":6}
{"msg":"enqueueNode","enqueuedNodeAnnotation":"MovedFromExtractor Library/Bee/artifacts/mvdfrm/Unity.Plastic.Newtonsoft.Json.dll_B06B77423C8110AF.mvfrm","enqueuedNodeIndex":104,"enqueueingNodeAnnotation":"ScriptAssemblies","enqueueingNodeIndex":6}
{"msg":"enqueueNode","enqueuedNodeAnnotation":"MovedFromExtractor Library/Bee/artifacts/mvdfrm/Unity.VisualScripting.IonicZip.dll_3753AE2E22DD17B6.mvfrm","enqueuedNodeIndex":105,"enqueueingNodeAnnotation":"ScriptAssemblies","enqueueingNodeIndex":6}
{"msg":"enqueueNode","enqueuedNodeAnnotation":"MovedFromExtractor Library/Bee/artifacts/mvdfrm/Unity.VisualScripting.YamlDotNet.dll_B9EB2E0105A28BA6.mvfrm","enqueuedNodeIndex":106,"enqueueingNodeAnnotation":"ScriptAssemblies","enqueueingNodeIndex":6}
{"msg":"enqueueNode","enqueuedNodeAnnotation":"MovedFromExtractor Library/Bee/artifacts/mvdfrm/Unity.VisualScripting.TextureAssets.dll_51095754C66FE99E.mvfrm","enqueuedNodeIndex":107,"enqueueingNodeAnnotation":"ScriptAssemblies","enqueueingNodeIndex":6}
{"msg":"enqueueNode","enqueuedNodeAnnotation":"MovedFromExtractor Library/Bee/artifacts/mvdfrm/Unity.VisualScripting.Antlr3.Runtime.dll_6B5854E2366B9BC5.mvfrm","enqueuedNodeIndex":108,"enqueueingNodeAnnotation":"ScriptAssemblies","enqueueingNodeIndex":6}
{"msg":"enqueueNode","enqueuedNodeAnnotation":"MovedFromExtractor Library/Bee/artifacts/mvdfrm/UnityEngine.TestRunner.ref.dll_E55D0F7C63F01D9E.mvfrm","enqueuedNodeIndex":115,"enqueueingNodeAnnotation":"ScriptAssemblies","enqueueingNodeIndex":6}
{"msg":"enqueueNode","enqueuedNodeAnnotation":"Csc Library/Bee/artifacts/1900b0aE.dag/UnityEngine.TestRunner.dll (+2 others)","enqueuedNodeIndex":4,"enqueueingNodeAnnotation":"MovedFromExtractor Library/Bee/artifacts/mvdfrm/UnityEngine.TestRunner.ref.dll_E55D0F7C63F01D9E.mvfrm","enqueueingNodeIndex":115}
{"msg":"enqueueNode","enqueuedNodeAnnotation":"WriteText Library/Bee/artifacts/1900b0aE.dag/UnityEngine.TestRunner.UnityAdditionalFile.txt","enqueuedNodeIndex":1,"enqueueingNodeAnnotation":"Csc Library/Bee/artifacts/1900b0aE.dag/UnityEngine.TestRunner.dll (+2 others)","enqueueingNodeIndex":4}
{"msg":"enqueueNode","enqueuedNodeAnnotation":"WriteText Library/Bee/artifacts/1900b0aE.dag/UnityEngine.TestRunner.rsp","enqueuedNodeIndex":2,"enqueueingNodeAnnotation":"Csc Library/Bee/artifacts/1900b0aE.dag/UnityEngine.TestRunner.dll (+2 others)","enqueueingNodeIndex":4}
{"msg":"enqueueNode","enqueuedNodeAnnotation":"WriteText Library/Bee/artifacts/1900b0aE.dag/UnityEngine.TestRunner.rsp2","enqueuedNodeIndex":3,"enqueueingNodeAnnotation":"Csc Library/Bee/artifacts/1900b0aE.dag/UnityEngine.TestRunner.dll (+2 others)","enqueueingNodeIndex":4}
{"msg":"enqueueNode","enqueuedNodeAnnotation":"MovedFromExtractor-Combine Library/Bee/artifacts/1900b0aE.dag/UnityEngine.TestRunner.dll.mvfrm","enqueuedNodeIndex":96,"enqueueingNodeAnnotation":"Csc Library/Bee/artifacts/1900b0aE.dag/UnityEngine.TestRunner.dll (+2 others)","enqueueingNodeIndex":4}
{"msg":"enqueueNode","enqueuedNodeAnnotation":"WriteText Library/Bee/artifacts/1900b0aE.dag/UnityEngine.TestRunner.dll.mvfrm.rsp","enqueuedNodeIndex":95,"enqueueingNodeAnnotation":"MovedFromExtractor-Combine Library/Bee/artifacts/1900b0aE.dag/UnityEngine.TestRunner.dll.mvfrm","enqueueingNodeIndex":96}
{"msg":"enqueueNode","enqueuedNodeAnnotation":"MovedFromExtractor Library/Bee/artifacts/mvdfrm/UnityEngine.NVIDIAModule.dll_5590667428A80858.mvfrm","enqueuedNodeIndex":116,"enqueueingNodeAnnotation":"ScriptAssemblies","enqueueingNodeIndex":6}
{"msg":"enqueueNode","enqueuedNodeAnnotation":"MovedFromExtractor Library/Bee/artifacts/mvdfrm/UnityEditor.TestRunner.ref.dll_193EC4CE382CBFB3.mvfrm","enqueuedNodeIndex":123,"enqueueingNodeAnnotation":"ScriptAssemblies","enqueueingNodeIndex":6}
{"msg":"enqueueNode","enqueuedNodeAnnotation":"Csc Library/Bee/artifacts/1900b0aE.dag/UnityEditor.TestRunner.dll (+2 others)","enqueuedNodeIndex":114,"enqueueingNodeAnnotation":"MovedFromExtractor Library/Bee/artifacts/mvdfrm/UnityEditor.TestRunner.ref.dll_193EC4CE382CBFB3.mvfrm","enqueueingNodeIndex":123}
{"msg":"enqueueNode","enqueuedNodeAnnotation":"WriteText Library/Bee/artifacts/1900b0aE.dag/UnityEditor.TestRunner.UnityAdditionalFile.txt","enqueuedNodeIndex":111,"enqueueingNodeAnnotation":"Csc Library/Bee/artifacts/1900b0aE.dag/UnityEditor.TestRunner.dll (+2 others)","enqueueingNodeIndex":114}
{"msg":"enqueueNode","enqueuedNodeAnnotation":"WriteText Library/Bee/artifacts/1900b0aE.dag/UnityEditor.TestRunner.rsp","enqueuedNodeIndex":112,"enqueueingNodeAnnotation":"Csc Library/Bee/artifacts/1900b0aE.dag/UnityEditor.TestRunner.dll (+2 others)","enqueueingNodeIndex":114}
{"msg":"enqueueNode","enqueuedNodeAnnotation":"WriteText Library/Bee/artifacts/1900b0aE.dag/UnityEditor.TestRunner.rsp2","enqueuedNodeIndex":113,"enqueueingNodeAnnotation":"Csc Library/Bee/artifacts/1900b0aE.dag/UnityEditor.TestRunner.dll (+2 others)","enqueueingNodeIndex":114}
{"msg":"enqueueNode","enqueuedNodeAnnotation":"MovedFromExtractor-Combine Library/Bee/artifacts/1900b0aE.dag/UnityEditor.TestRunner.dll.mvfrm","enqueuedNodeIndex":118,"enqueueingNodeAnnotation":"Csc Library/Bee/artifacts/1900b0aE.dag/UnityEditor.TestRunner.dll (+2 others)","enqueueingNodeIndex":114}
{"msg":"enqueueNode","enqueuedNodeAnnotation":"WriteText Library/Bee/artifacts/1900b0aE.dag/UnityEditor.TestRunner.dll.mvfrm.rsp","enqueuedNodeIndex":117,"enqueueingNodeAnnotation":"MovedFromExtractor-Combine Library/Bee/artifacts/1900b0aE.dag/UnityEditor.TestRunner.dll.mvfrm","enqueueingNodeIndex":118}
{"msg":"enqueueNode","enqueuedNodeAnnotation":"MovedFromExtractor Library/Bee/artifacts/mvdfrm/UnityEngine.UI.ref.dll_08FEAA520A2EFD60.mvfrm","enqueuedNodeIndex":124,"enqueueingNodeAnnotation":"ScriptAssemblies","enqueueingNodeIndex":6}
{"msg":"enqueueNode","enqueuedNodeAnnotation":"Csc Library/Bee/artifacts/1900b0aE.dag/UnityEngine.UI.dll (+2 others)","enqueuedNodeIndex":100,"enqueueingNodeAnnotation":"MovedFromExtractor Library/Bee/artifacts/mvdfrm/UnityEngine.UI.ref.dll_08FEAA520A2EFD60.mvfrm","enqueueingNodeIndex":124}
{"msg":"enqueueNode","enqueuedNodeAnnotation":"WriteText Library/Bee/artifacts/1900b0aE.dag/UnityEngine.UI.UnityAdditionalFile.txt","enqueuedNodeIndex":97,"enqueueingNodeAnnotation":"Csc Library/Bee/artifacts/1900b0aE.dag/UnityEngine.UI.dll (+2 others)","enqueueingNodeIndex":100}
{"msg":"enqueueNode","enqueuedNodeAnnotation":"WriteText Library/Bee/artifacts/1900b0aE.dag/UnityEngine.UI.rsp","enqueuedNodeIndex":98,"enqueueingNodeAnnotation":"Csc Library/Bee/artifacts/1900b0aE.dag/UnityEngine.UI.dll (+2 others)","enqueueingNodeIndex":100}
{"msg":"enqueueNode","enqueuedNodeAnnotation":"WriteText Library/Bee/artifacts/1900b0aE.dag/UnityEngine.UI.rsp2","enqueuedNodeIndex":99,"enqueueingNodeAnnotation":"Csc Library/Bee/artifacts/1900b0aE.dag/UnityEngine.UI.dll (+2 others)","enqueueingNodeIndex":100}
{"msg":"enqueueNode","enqueuedNodeAnnotation":"MovedFromExtractor-Combine Library/Bee/artifacts/1900b0aE.dag/UnityEngine.UI.dll.mvfrm","enqueuedNodeIndex":110,"enqueueingNodeAnnotation":"Csc Library/Bee/artifacts/1900b0aE.dag/UnityEngine.UI.dll (+2 others)","enqueueingNodeIndex":100}
{"msg":"enqueueNode","enqueuedNodeAnnotation":"WriteText Library/Bee/artifacts/1900b0aE.dag/UnityEngine.UI.dll.mvfrm.rsp","enqueuedNodeIndex":109,"enqueueingNodeAnnotation":"MovedFromExtractor-Combine Library/Bee/artifacts/1900b0aE.dag/UnityEngine.UI.dll.mvfrm","enqueueingNodeIndex":110}
{"msg":"enqueueNode","enqueuedNodeAnnotation":"MovedFromExtractor Library/Bee/artifacts/mvdfrm/UnityEditor.UI.ref.dll_4C98D3F7040CD4F5.mvfrm","enqueuedNodeIndex":131,"enqueueingNodeAnnotation":"ScriptAssemblies","enqueueingNodeIndex":6}
{"msg":"enqueueNode","enqueuedNodeAnnotation":"Csc Library/Bee/artifacts/1900b0aE.dag/UnityEditor.UI.dll (+2 others)","enqueuedNodeIndex":122,"enqueueingNodeAnnotation":"MovedFromExtractor Library/Bee/artifacts/mvdfrm/UnityEditor.UI.ref.dll_4C98D3F7040CD4F5.mvfrm","enqueueingNodeIndex":131}
{"msg":"enqueueNode","enqueuedNodeAnnotation":"WriteText Library/Bee/artifacts/1900b0aE.dag/UnityEditor.UI.UnityAdditionalFile.txt","enqueuedNodeIndex":119,"enqueueingNodeAnnotation":"Csc Library/Bee/artifacts/1900b0aE.dag/UnityEditor.UI.dll (+2 others)","enqueueingNodeIndex":122}
{"msg":"enqueueNode","enqueuedNodeAnnotation":"WriteText Library/Bee/artifacts/1900b0aE.dag/UnityEditor.UI.rsp","enqueuedNodeIndex":120,"enqueueingNodeAnnotation":"Csc Library/Bee/artifacts/1900b0aE.dag/UnityEditor.UI.dll (+2 others)","enqueueingNodeIndex":122}
{"msg":"enqueueNode","enqueuedNodeAnnotation":"WriteText Library/Bee/artifacts/1900b0aE.dag/UnityEditor.UI.rsp2","enqueuedNodeIndex":121,"enqueueingNodeAnnotation":"Csc Library/Bee/artifacts/1900b0aE.dag/UnityEditor.UI.dll (+2 others)","enqueueingNodeIndex":122}
{"msg":"enqueueNode","enqueuedNodeAnnotation":"MovedFromExtractor-Combine Library/Bee/artifacts/1900b0aE.dag/UnityEditor.UI.dll.mvfrm","enqueuedNodeIndex":126,"enqueueingNodeAnnotation":"Csc Library/Bee/artifacts/1900b0aE.dag/UnityEditor.UI.dll (+2 others)","enqueueingNodeIndex":122}
{"msg":"enqueueNode","enqueuedNodeAnnotation":"WriteText Library/Bee/artifacts/1900b0aE.dag/UnityEditor.UI.dll.mvfrm.rsp","enqueuedNodeIndex":125,"enqueueingNodeAnnotation":"MovedFromExtractor-Combine Library/Bee/artifacts/1900b0aE.dag/UnityEditor.UI.dll.mvfrm","enqueueingNodeIndex":126}
{"msg":"enqueueNode","enqueuedNodeAnnotation":"MovedFromExtractor Library/Bee/artifacts/mvdfrm/Unity.PlasticSCM.Editor.ref.dll_257AEB342BE77856.mvfrm","enqueuedNodeIndex":204,"enqueueingNodeAnnotation":"ScriptAssemblies","enqueueingNodeIndex":6}
{"msg":"enqueueNode","enqueuedNodeAnnotation":"Csc Library/Bee/artifacts/1900b0aE.dag/Unity.PlasticSCM.Editor.dll (+2 others)","enqueuedNodeIndex":143,"enqueueingNodeAnnotation":"MovedFromExtractor Library/Bee/artifacts/mvdfrm/Unity.PlasticSCM.Editor.ref.dll_257AEB342BE77856.mvfrm","enqueueingNodeIndex":204}
{"msg":"enqueueNode","enqueuedNodeAnnotation":"WriteText Library/Bee/artifacts/1900b0aE.dag/Unity.PlasticSCM.Editor.UnityAdditionalFile.txt","enqueuedNodeIndex":140,"enqueueingNodeAnnotation":"Csc Library/Bee/artifacts/1900b0aE.dag/Unity.PlasticSCM.Editor.dll (+2 others)","enqueueingNodeIndex":143}
{"msg":"enqueueNode","enqueuedNodeAnnotation":"WriteText Library/Bee/artifacts/1900b0aE.dag/Unity.PlasticSCM.Editor.rsp","enqueuedNodeIndex":141,"enqueueingNodeAnnotation":"Csc Library/Bee/artifacts/1900b0aE.dag/Unity.PlasticSCM.Editor.dll (+2 others)","enqueueingNodeIndex":143}
{"msg":"enqueueNode","enqueuedNodeAnnotation":"WriteText Library/Bee/artifacts/1900b0aE.dag/Unity.PlasticSCM.Editor.rsp2","enqueuedNodeIndex":142,"enqueueingNodeAnnotation":"Csc Library/Bee/artifacts/1900b0aE.dag/Unity.PlasticSCM.Editor.dll (+2 others)","enqueueingNodeIndex":143}
{"msg":"enqueueNode","enqueuedNodeAnnotation":"MovedFromExtractor-Combine Library/Bee/artifacts/1900b0aE.dag/Unity.PlasticSCM.Editor.dll.mvfrm","enqueuedNodeIndex":145,"enqueueingNodeAnnotation":"Csc Library/Bee/artifacts/1900b0aE.dag/Unity.PlasticSCM.Editor.dll (+2 others)","enqueueingNodeIndex":143}
{"msg":"enqueueNode","enqueuedNodeAnnotation":"WriteText Library/Bee/artifacts/1900b0aE.dag/Unity.PlasticSCM.Editor.dll.mvfrm.rsp","enqueuedNodeIndex":144,"enqueueingNodeAnnotation":"MovedFromExtractor-Combine Library/Bee/artifacts/1900b0aE.dag/Unity.PlasticSCM.Editor.dll.mvfrm","enqueueingNodeIndex":145}
{"msg":"enqueueNode","enqueuedNodeAnnotation":"MovedFromExtractor Library/Bee/artifacts/mvdfrm/Unity.Settings.Editor.ref.dll_7F5B154C05A780B0.mvfrm","enqueuedNodeIndex":211,"enqueueingNodeAnnotation":"ScriptAssemblies","enqueueingNodeIndex":6}
{"msg":"enqueueNode","enqueuedNodeAnnotation":"Csc Library/Bee/artifacts/1900b0aE.dag/Unity.Settings.Editor.dll (+2 others)","enqueuedNodeIndex":155,"enqueueingNodeAnnotation":"MovedFromExtractor Library/Bee/artifacts/mvdfrm/Unity.Settings.Editor.ref.dll_7F5B154C05A780B0.mvfrm","enqueueingNodeIndex":211}
{"msg":"enqueueNode","enqueuedNodeAnnotation":"WriteText Library/Bee/artifacts/1900b0aE.dag/Unity.Settings.Editor.UnityAdditionalFile.txt","enqueuedNodeIndex":152,"enqueueingNodeAnnotation":"Csc Library/Bee/artifacts/1900b0aE.dag/Unity.Settings.Editor.dll (+2 others)","enqueueingNodeIndex":155}
{"msg":"enqueueNode","enqueuedNodeAnnotation":"WriteText Library/Bee/artifacts/1900b0aE.dag/Unity.Settings.Editor.rsp","enqueuedNodeIndex":153,"enqueueingNodeAnnotation":"Csc Library/Bee/artifacts/1900b0aE.dag/Unity.Settings.Editor.dll (+2 others)","enqueueingNodeIndex":155}
{"msg":"enqueueNode","enqueuedNodeAnnotation":"WriteText Library/Bee/artifacts/1900b0aE.dag/Unity.Settings.Editor.rsp2","enqueuedNodeIndex":154,"enqueueingNodeAnnotation":"Csc Library/Bee/artifacts/1900b0aE.dag/Unity.Settings.Editor.dll (+2 others)","enqueueingNodeIndex":155}
{"msg":"enqueueNode","enqueuedNodeAnnotation":"MovedFromExtractor-Combine Library/Bee/artifacts/1900b0aE.dag/Unity.Settings.Editor.dll.mvfrm","enqueuedNodeIndex":157,"enqueueingNodeAnnotation":"Csc Library/Bee/artifacts/1900b0aE.dag/Unity.Settings.Editor.dll (+2 others)","enqueueingNodeIndex":155}
{"msg":"enqueueNode","enqueuedNodeAnnotation":"WriteText Library/Bee/artifacts/1900b0aE.dag/Unity.Settings.Editor.dll.mvfrm.rsp","enqueuedNodeIndex":156,"enqueueingNodeAnnotation":"MovedFromExtractor-Combine Library/Bee/artifacts/1900b0aE.dag/Unity.Settings.Editor.dll.mvfrm","enqueueingNodeIndex":157}
{"msg":"enqueueNode","enqueuedNodeAnnotation":"MovedFromExtractor Library/Bee/artifacts/mvdfrm/Unity.TestTools.CodeCoverage.Editor.OpenCover.Model.ref.dll_D3B9364D6FB03093.mvfrm","enqueuedNodeIndex":212,"enqueueingNodeAnnotation":"ScriptAssemblies","enqueueingNodeIndex":6}
{"msg":"enqueueNode","enqueuedNodeAnnotation":"Csc Library/Bee/artifacts/1900b0aE.dag/Unity.TestTools.CodeCoverage.Editor.OpenCover.Model.dll (+2 others)","enqueuedNodeIndex":161,"enqueueingNodeAnnotation":"MovedFromExtractor Library/Bee/artifacts/mvdfrm/Unity.TestTools.CodeCoverage.Editor.OpenCover.Model.ref.dll_D3B9364D6FB03093.mvfrm","enqueueingNodeIndex":212}
{"msg":"enqueueNode","enqueuedNodeAnnotation":"WriteText Library/Bee/artifacts/1900b0aE.dag/Unity.TestTools.CodeCoverage.Editor.OpenCover.Model.UnityAdditionalFile.txt","enqueuedNodeIndex":158,"enqueueingNodeAnnotation":"Csc Library/Bee/artifacts/1900b0aE.dag/Unity.TestTools.CodeCoverage.Editor.OpenCover.Model.dll (+2 others)","enqueueingNodeIndex":161}
{"msg":"enqueueNode","enqueuedNodeAnnotation":"WriteText Library/Bee/artifacts/1900b0aE.dag/Unity.TestTools.CodeCoverage.Editor.OpenCover.Model.rsp","enqueuedNodeIndex":159,"enqueueingNodeAnnotation":"Csc Library/Bee/artifacts/1900b0aE.dag/Unity.TestTools.CodeCoverage.Editor.OpenCover.Model.dll (+2 others)","enqueueingNodeIndex":161}
{"msg":"enqueueNode","enqueuedNodeAnnotation":"WriteText Library/Bee/artifacts/1900b0aE.dag/Unity.TestTools.CodeCoverage.Editor.OpenCover.Model.rsp2","enqueuedNodeIndex":160,"enqueueingNodeAnnotation":"Csc Library/Bee/artifacts/1900b0aE.dag/Unity.TestTools.CodeCoverage.Editor.OpenCover.Model.dll (+2 others)","enqueueingNodeIndex":161}
{"msg":"enqueueNode","enqueuedNodeAnnotation":"MovedFromExtractor-Combine Library/Bee/artifacts/1900b0aE.dag/Unity.TestTools.CodeCoverage.Editor.OpenCover.Model.dll.mvfrm","enqueuedNodeIndex":163,"enqueueingNodeAnnotation":"Csc Library/Bee/artifacts/1900b0aE.dag/Unity.TestTools.CodeCoverage.Editor.OpenCover.Model.dll (+2 others)","enqueueingNodeIndex":161}
{"msg":"enqueueNode","enqueuedNodeAnnotation":"WriteText Library/Bee/artifacts/1900b0aE.dag/Unity.TestTools.CodeCoverage.Editor.OpenCover.Model.dll.mvfrm.rsp","enqueuedNodeIndex":162,"enqueueingNodeAnnotation":"MovedFromExtractor-Combine Library/Bee/artifacts/1900b0aE.dag/Unity.TestTools.CodeCoverage.Editor.OpenCover.Model.dll.mvfrm","enqueueingNodeIndex":163}
{"msg":"enqueueNode","enqueuedNodeAnnotation":"MovedFromExtractor Library/Bee/artifacts/mvdfrm/Unity.TestTools.CodeCoverage.Editor.OpenCover.Mono.Reflection.ref.dll_E668CD773429A040.mvfrm","enqueuedNodeIndex":213,"enqueueingNodeAnnotation":"ScriptAssemblies","enqueueingNodeIndex":6}
{"msg":"enqueueNode","enqueuedNodeAnnotation":"Csc Library/Bee/artifacts/1900b0aE.dag/Unity.TestTools.CodeCoverage.Editor.OpenCover.Mono.Reflection.dll (+2 others)","enqueuedNodeIndex":167,"enqueueingNodeAnnotation":"MovedFromExtractor Library/Bee/artifacts/mvdfrm/Unity.TestTools.CodeCoverage.Editor.OpenCover.Mono.Reflection.ref.dll_E668CD773429A040.mvfrm","enqueueingNodeIndex":213}
{"msg":"enqueueNode","enqueuedNodeAnnotation":"WriteText Library/Bee/artifacts/1900b0aE.dag/Unity.TestTools.CodeCoverage.Editor.OpenCover.Mono.Reflection.UnityAdditionalFile.txt","enqueuedNodeIndex":164,"enqueueingNodeAnnotation":"Csc Library/Bee/artifacts/1900b0aE.dag/Unity.TestTools.CodeCoverage.Editor.OpenCover.Mono.Reflection.dll (+2 others)","enqueueingNodeIndex":167}
{"msg":"enqueueNode","enqueuedNodeAnnotation":"WriteText Library/Bee/artifacts/1900b0aE.dag/Unity.TestTools.CodeCoverage.Editor.OpenCover.Mono.Reflection.rsp","enqueuedNodeIndex":165,"enqueueingNodeAnnotation":"Csc Library/Bee/artifacts/1900b0aE.dag/Unity.TestTools.CodeCoverage.Editor.OpenCover.Mono.Reflection.dll (+2 others)","enqueueingNodeIndex":167}
{"msg":"enqueueNode","enqueuedNodeAnnotation":"WriteText Library/Bee/artifacts/1900b0aE.dag/Unity.TestTools.CodeCoverage.Editor.OpenCover.Mono.Reflection.rsp2","enqueuedNodeIndex":166,"enqueueingNodeAnnotation":"Csc Library/Bee/artifacts/1900b0aE.dag/Unity.TestTools.CodeCoverage.Editor.OpenCover.Mono.Reflection.dll (+2 others)","enqueueingNodeIndex":167}
{"msg":"enqueueNode","enqueuedNodeAnnotation":"MovedFromExtractor-Combine Library/Bee/artifacts/1900b0aE.dag/Unity.TestTools.CodeCoverage.Editor.OpenCover.Mono.Reflection.dll.mvfrm","enqueuedNodeIndex":169,"enqueueingNodeAnnotation":"Csc Library/Bee/artifacts/1900b0aE.dag/Unity.TestTools.CodeCoverage.Editor.OpenCover.Mono.Reflection.dll (+2 others)","enqueueingNodeIndex":167}
{"msg":"enqueueNode","enqueuedNodeAnnotation":"WriteText Library/Bee/artifacts/1900b0aE.dag/Unity.TestTools.CodeCoverage.Editor.OpenCover.Mono.Reflection.dll.mvfrm.rsp","enqueuedNodeIndex":168,"enqueueingNodeAnnotation":"MovedFromExtractor-Combine Library/Bee/artifacts/1900b0aE.dag/Unity.TestTools.CodeCoverage.Editor.OpenCover.Mono.Reflection.dll.mvfrm","enqueueingNodeIndex":169}
{"msg":"enqueueNode","enqueuedNodeAnnotation":"MovedFromExtractor Library/Bee/artifacts/mvdfrm/Unity.TextMeshPro.ref.dll_84A4293DBDD182DB.mvfrm","enqueuedNodeIndex":220,"enqueueingNodeAnnotation":"ScriptAssemblies","enqueueingNodeIndex":6}
{"msg":"enqueueNode","enqueuedNodeAnnotation":"Csc Library/Bee/artifacts/1900b0aE.dag/Unity.TextMeshPro.dll (+2 others)","enqueuedNodeIndex":173,"enqueueingNodeAnnotation":"MovedFromExtractor Library/Bee/artifacts/mvdfrm/Unity.TextMeshPro.ref.dll_84A4293DBDD182DB.mvfrm","enqueueingNodeIndex":220}
{"msg":"enqueueNode","enqueuedNodeAnnotation":"WriteText Library/Bee/artifacts/1900b0aE.dag/Unity.TextMeshPro.UnityAdditionalFile.txt","enqueuedNodeIndex":170,"enqueueingNodeAnnotation":"Csc Library/Bee/artifacts/1900b0aE.dag/Unity.TextMeshPro.dll (+2 others)","enqueueingNodeIndex":173}
{"msg":"enqueueNode","enqueuedNodeAnnotation":"WriteText Library/Bee/artifacts/1900b0aE.dag/Unity.TextMeshPro.rsp","enqueuedNodeIndex":171,"enqueueingNodeAnnotation":"Csc Library/Bee/artifacts/1900b0aE.dag/Unity.TextMeshPro.dll (+2 others)","enqueueingNodeIndex":173}
{"msg":"enqueueNode","enqueuedNodeAnnotation":"WriteText Library/Bee/artifacts/1900b0aE.dag/Unity.TextMeshPro.rsp2","enqueuedNodeIndex":172,"enqueueingNodeAnnotation":"Csc Library/Bee/artifacts/1900b0aE.dag/Unity.TextMeshPro.dll (+2 others)","enqueueingNodeIndex":173}
{"msg":"enqueueNode","enqueuedNodeAnnotation":"MovedFromExtractor-Combine Library/Bee/artifacts/1900b0aE.dag/Unity.TextMeshPro.dll.mvfrm","enqueuedNodeIndex":175,"enqueueingNodeAnnotation":"Csc Library/Bee/artifacts/1900b0aE.dag/Unity.TextMeshPro.dll (+2 others)","enqueueingNodeIndex":173}
{"msg":"enqueueNode","enqueuedNodeAnnotation":"WriteText Library/Bee/artifacts/1900b0aE.dag/Unity.TextMeshPro.dll.mvfrm.rsp","enqueuedNodeIndex":174,"enqueueingNodeAnnotation":"MovedFromExtractor-Combine Library/Bee/artifacts/1900b0aE.dag/Unity.TextMeshPro.dll.mvfrm","enqueueingNodeIndex":175}
{"msg":"enqueueNode","enqueuedNodeAnnotation":"MovedFromExtractor Library/Bee/artifacts/mvdfrm/Unity.Timeline.ref.dll_621CDDF9C514DF8F.mvfrm","enqueuedNodeIndex":227,"enqueueingNodeAnnotation":"ScriptAssemblies","enqueueingNodeIndex":6}
{"msg":"enqueueNode","enqueuedNodeAnnotation":"Csc Library/Bee/artifacts/1900b0aE.dag/Unity.Timeline.dll (+2 others)","enqueuedNodeIndex":179,"enqueueingNodeAnnotation":"MovedFromExtractor Library/Bee/artifacts/mvdfrm/Unity.Timeline.ref.dll_621CDDF9C514DF8F.mvfrm","enqueueingNodeIndex":227}
{"msg":"enqueueNode","enqueuedNodeAnnotation":"WriteText Library/Bee/artifacts/1900b0aE.dag/Unity.Timeline.UnityAdditionalFile.txt","enqueuedNodeIndex":176,"enqueueingNodeAnnotation":"Csc Library/Bee/artifacts/1900b0aE.dag/Unity.Timeline.dll (+2 others)","enqueueingNodeIndex":179}
{"msg":"enqueueNode","enqueuedNodeAnnotation":"WriteText Library/Bee/artifacts/1900b0aE.dag/Unity.Timeline.rsp","enqueuedNodeIndex":177,"enqueueingNodeAnnotation":"Csc Library/Bee/artifacts/1900b0aE.dag/Unity.Timeline.dll (+2 others)","enqueueingNodeIndex":179}
{"msg":"enqueueNode","enqueuedNodeAnnotation":"WriteText Library/Bee/artifacts/1900b0aE.dag/Unity.Timeline.rsp2","enqueuedNodeIndex":178,"enqueueingNodeAnnotation":"Csc Library/Bee/artifacts/1900b0aE.dag/Unity.Timeline.dll (+2 others)","enqueueingNodeIndex":179}
{"msg":"enqueueNode","enqueuedNodeAnnotation":"MovedFromExtractor-Combine Library/Bee/artifacts/1900b0aE.dag/Unity.Timeline.dll.mvfrm","enqueuedNodeIndex":181,"enqueueingNodeAnnotation":"Csc Library/Bee/artifacts/1900b0aE.dag/Unity.Timeline.dll (+2 others)","enqueueingNodeIndex":179}
{"msg":"enqueueNode","enqueuedNodeAnnotation":"WriteText Library/Bee/artifacts/1900b0aE.dag/Unity.Timeline.dll.mvfrm.rsp","enqueuedNodeIndex":180,"enqueueingNodeAnnotation":"MovedFromExtractor-Combine Library/Bee/artifacts/1900b0aE.dag/Unity.Timeline.dll.mvfrm","enqueueingNodeIndex":181}
{"msg":"enqueueNode","enqueuedNodeAnnotation":"MovedFromExtractor Library/Bee/artifacts/mvdfrm/Unity.VisualScripting.Core.ref.dll_D75DF4EA1AFE54F4.mvfrm","enqueuedNodeIndex":234,"enqueueingNodeAnnotation":"ScriptAssemblies","enqueueingNodeIndex":6}
{"msg":"enqueueNode","enqueuedNodeAnnotation":"Csc Library/Bee/artifacts/1900b0aE.dag/Unity.VisualScripting.Core.dll (+2 others)","enqueuedNodeIndex":185,"enqueueingNodeAnnotation":"MovedFromExtractor Library/Bee/artifacts/mvdfrm/Unity.VisualScripting.Core.ref.dll_D75DF4EA1AFE54F4.mvfrm","enqueueingNodeIndex":234}
{"msg":"enqueueNode","enqueuedNodeAnnotation":"WriteText Library/Bee/artifacts/1900b0aE.dag/Unity.VisualScripting.Core.UnityAdditionalFile.txt","enqueuedNodeIndex":182,"enqueueingNodeAnnotation":"Csc Library/Bee/artifacts/1900b0aE.dag/Unity.VisualScripting.Core.dll (+2 others)","enqueueingNodeIndex":185}
{"msg":"enqueueNode","enqueuedNodeAnnotation":"WriteText Library/Bee/artifacts/1900b0aE.dag/Unity.VisualScripting.Core.rsp","enqueuedNodeIndex":183,"enqueueingNodeAnnotation":"Csc Library/Bee/artifacts/1900b0aE.dag/Unity.VisualScripting.Core.dll (+2 others)","enqueueingNodeIndex":185}
{"msg":"enqueueNode","enqueuedNodeAnnotation":"WriteText Library/Bee/artifacts/1900b0aE.dag/Unity.VisualScripting.Core.rsp2","enqueuedNodeIndex":184,"enqueueingNodeAnnotation":"Csc Library/Bee/artifacts/1900b0aE.dag/Unity.VisualScripting.Core.dll (+2 others)","enqueueingNodeIndex":185}
{"msg":"enqueueNode","enqueuedNodeAnnotation":"MovedFromExtractor-Combine Library/Bee/artifacts/1900b0aE.dag/Unity.VisualScripting.Core.dll.mvfrm","enqueuedNodeIndex":187,"enqueueingNodeAnnotation":"Csc Library/Bee/artifacts/1900b0aE.dag/Unity.VisualScripting.Core.dll (+2 others)","enqueueingNodeIndex":185}
{"msg":"enqueueNode","enqueuedNodeAnnotation":"WriteText Library/Bee/artifacts/1900b0aE.dag/Unity.VisualScripting.Core.dll.mvfrm.rsp","enqueuedNodeIndex":186,"enqueueingNodeAnnotation":"MovedFromExtractor-Combine Library/Bee/artifacts/1900b0aE.dag/Unity.VisualScripting.Core.dll.mvfrm","enqueueingNodeIndex":187}
{"msg":"enqueueNode","enqueuedNodeAnnotation":"MovedFromExtractor Library/Bee/artifacts/mvdfrm/Unity.VisualScripting.Core.Editor.ref.dll_EDC8690F57C5BDFD.mvfrm","enqueuedNodeIndex":253,"enqueueingNodeAnnotation":"ScriptAssemblies","enqueueingNodeIndex":6}
{"msg":"enqueueNode","enqueuedNodeAnnotation":"Csc Library/Bee/artifacts/1900b0aE.dag/Unity.VisualScripting.Core.Editor.dll (+2 others)","enqueuedNodeIndex":233,"enqueueingNodeAnnotation":"MovedFromExtractor Library/Bee/artifacts/mvdfrm/Unity.VisualScripting.Core.Editor.ref.dll_EDC8690F57C5BDFD.mvfrm","enqueueingNodeIndex":253}
{"msg":"enqueueNode","enqueuedNodeAnnotation":"WriteText Library/Bee/artifacts/1900b0aE.dag/Unity.VisualScripting.Core.Editor.UnityAdditionalFile.txt","enqueuedNodeIndex":230,"enqueueingNodeAnnotation":"Csc Library/Bee/artifacts/1900b0aE.dag/Unity.VisualScripting.Core.Editor.dll (+2 others)","enqueueingNodeIndex":233}
{"msg":"enqueueNode","enqueuedNodeAnnotation":"WriteText Library/Bee/artifacts/1900b0aE.dag/Unity.VisualScripting.Core.Editor.rsp","enqueuedNodeIndex":231,"enqueueingNodeAnnotation":"Csc Library/Bee/artifacts/1900b0aE.dag/Unity.VisualScripting.Core.Editor.dll (+2 others)","enqueueingNodeIndex":233}
{"msg":"enqueueNode","enqueuedNodeAnnotation":"WriteText Library/Bee/artifacts/1900b0aE.dag/Unity.VisualScripting.Core.Editor.rsp2","enqueuedNodeIndex":232,"enqueueingNodeAnnotation":"Csc Library/Bee/artifacts/1900b0aE.dag/Unity.VisualScripting.Core.Editor.dll (+2 others)","enqueueingNodeIndex":233}
{"msg":"enqueueNode","enqueuedNodeAnnotation":"MovedFromExtractor-Combine Library/Bee/artifacts/1900b0aE.dag/Unity.VisualScripting.Core.Editor.dll.mvfrm","enqueuedNodeIndex":236,"enqueueingNodeAnnotation":"Csc Library/Bee/artifacts/1900b0aE.dag/Unity.VisualScripting.Core.Editor.dll (+2 others)","enqueueingNodeIndex":233}
{"msg":"enqueueNode","enqueuedNodeAnnotation":"WriteText Library/Bee/artifacts/1900b0aE.dag/Unity.VisualScripting.Core.Editor.dll.mvfrm.rsp","enqueuedNodeIndex":235,"enqueueingNodeAnnotation":"MovedFromExtractor-Combine Library/Bee/artifacts/1900b0aE.dag/Unity.VisualScripting.Core.Editor.dll.mvfrm","enqueueingNodeIndex":236}
{"msg":"enqueueNode","enqueuedNodeAnnotation":"MovedFromExtractor Library/Bee/artifacts/mvdfrm/Unity.VisualScripting.Flow.ref.dll_1E6ED5409D07C9A3.mvfrm","enqueuedNodeIndex":254,"enqueueingNodeAnnotation":"ScriptAssemblies","enqueueingNodeIndex":6}
{"msg":"enqueueNode","enqueuedNodeAnnotation":"Csc Library/Bee/artifacts/1900b0aE.dag/Unity.VisualScripting.Flow.dll (+2 others)","enqueuedNodeIndex":240,"enqueueingNodeAnnotation":"MovedFromExtractor Library/Bee/artifacts/mvdfrm/Unity.VisualScripting.Flow.ref.dll_1E6ED5409D07C9A3.mvfrm","enqueueingNodeIndex":254}
{"msg":"enqueueNode","enqueuedNodeAnnotation":"WriteText Library/Bee/artifacts/1900b0aE.dag/Unity.VisualScripting.Flow.UnityAdditionalFile.txt","enqueuedNodeIndex":237,"enqueueingNodeAnnotation":"Csc Library/Bee/artifacts/1900b0aE.dag/Unity.VisualScripting.Flow.dll (+2 others)","enqueueingNodeIndex":240}
{"msg":"enqueueNode","enqueuedNodeAnnotation":"WriteText Library/Bee/artifacts/1900b0aE.dag/Unity.VisualScripting.Flow.rsp","enqueuedNodeIndex":238,"enqueueingNodeAnnotation":"Csc Library/Bee/artifacts/1900b0aE.dag/Unity.VisualScripting.Flow.dll (+2 others)","enqueueingNodeIndex":240}
{"msg":"enqueueNode","enqueuedNodeAnnotation":"WriteText Library/Bee/artifacts/1900b0aE.dag/Unity.VisualScripting.Flow.rsp2","enqueuedNodeIndex":239,"enqueueingNodeAnnotation":"Csc Library/Bee/artifacts/1900b0aE.dag/Unity.VisualScripting.Flow.dll (+2 others)","enqueueingNodeIndex":240}
{"msg":"enqueueNode","enqueuedNodeAnnotation":"MovedFromExtractor-Combine Library/Bee/artifacts/1900b0aE.dag/Unity.VisualScripting.Flow.dll.mvfrm","enqueuedNodeIndex":242,"enqueueingNodeAnnotation":"Csc Library/Bee/artifacts/1900b0aE.dag/Unity.VisualScripting.Flow.dll (+2 others)","enqueueingNodeIndex":240}
{"msg":"enqueueNode","enqueuedNodeAnnotation":"WriteText Library/Bee/artifacts/1900b0aE.dag/Unity.VisualScripting.Flow.dll.mvfrm.rsp","enqueuedNodeIndex":241,"enqueueingNodeAnnotation":"MovedFromExtractor-Combine Library/Bee/artifacts/1900b0aE.dag/Unity.VisualScripting.Flow.dll.mvfrm","enqueueingNodeIndex":242}
{"msg":"enqueueNode","enqueuedNodeAnnotation":"MovedFromExtractor Library/Bee/artifacts/mvdfrm/Unity.VisualScripting.Flow.Editor.ref.dll_6AF951BE66A4493E.mvfrm","enqueuedNodeIndex":267,"enqueueingNodeAnnotation":"ScriptAssemblies","enqueueingNodeIndex":6}
{"msg":"enqueueNode","enqueuedNodeAnnotation":"Csc Library/Bee/artifacts/1900b0aE.dag/Unity.VisualScripting.Flow.Editor.dll (+2 others)","enqueuedNodeIndex":252,"enqueueingNodeAnnotation":"MovedFromExtractor Library/Bee/artifacts/mvdfrm/Unity.VisualScripting.Flow.Editor.ref.dll_6AF951BE66A4493E.mvfrm","enqueueingNodeIndex":267}
{"msg":"enqueueNode","enqueuedNodeAnnotation":"WriteText Library/Bee/artifacts/1900b0aE.dag/Unity.VisualScripting.Flow.Editor.UnityAdditionalFile.txt","enqueuedNodeIndex":249,"enqueueingNodeAnnotation":"Csc Library/Bee/artifacts/1900b0aE.dag/Unity.VisualScripting.Flow.Editor.dll (+2 others)","enqueueingNodeIndex":252}
{"msg":"enqueueNode","enqueuedNodeAnnotation":"WriteText Library/Bee/artifacts/1900b0aE.dag/Unity.VisualScripting.Flow.Editor.rsp","enqueuedNodeIndex":250,"enqueueingNodeAnnotation":"Csc Library/Bee/artifacts/1900b0aE.dag/Unity.VisualScripting.Flow.Editor.dll (+2 others)","enqueueingNodeIndex":252}
{"msg":"enqueueNode","enqueuedNodeAnnotation":"WriteText Library/Bee/artifacts/1900b0aE.dag/Unity.VisualScripting.Flow.Editor.rsp2","enqueuedNodeIndex":251,"enqueueingNodeAnnotation":"Csc Library/Bee/artifacts/1900b0aE.dag/Unity.VisualScripting.Flow.Editor.dll (+2 others)","enqueueingNodeIndex":252}
{"msg":"enqueueNode","enqueuedNodeAnnotation":"MovedFromExtractor-Combine Library/Bee/artifacts/1900b0aE.dag/Unity.VisualScripting.Flow.Editor.dll.mvfrm","enqueuedNodeIndex":256,"enqueueingNodeAnnotation":"Csc Library/Bee/artifacts/1900b0aE.dag/Unity.VisualScripting.Flow.Editor.dll (+2 others)","enqueueingNodeIndex":252}
{"msg":"enqueueNode","enqueuedNodeAnnotation":"WriteText Library/Bee/artifacts/1900b0aE.dag/Unity.VisualScripting.Flow.Editor.dll.mvfrm.rsp","enqueuedNodeIndex":255,"enqueueingNodeAnnotation":"MovedFromExtractor-Combine Library/Bee/artifacts/1900b0aE.dag/Unity.VisualScripting.Flow.Editor.dll.mvfrm","enqueueingNodeIndex":256}
{"msg":"enqueueNode","enqueuedNodeAnnotation":"MovedFromExtractor Library/Bee/artifacts/mvdfrm/Unity.VisualScripting.State.ref.dll_D91762B7076BE462.mvfrm","enqueuedNodeIndex":268,"enqueueingNodeAnnotation":"ScriptAssemblies","enqueueingNodeIndex":6}
{"msg":"enqueueNode","enqueuedNodeAnnotation":"Csc Library/Bee/artifacts/1900b0aE.dag/Unity.VisualScripting.State.dll (+2 others)","enqueuedNodeIndex":260,"enqueueingNodeAnnotation":"MovedFromExtractor Library/Bee/artifacts/mvdfrm/Unity.VisualScripting.State.ref.dll_D91762B7076BE462.mvfrm","enqueueingNodeIndex":268}
{"msg":"enqueueNode","enqueuedNodeAnnotation":"WriteText Library/Bee/artifacts/1900b0aE.dag/Unity.VisualScripting.State.UnityAdditionalFile.txt","enqueuedNodeIndex":257,"enqueueingNodeAnnotation":"Csc Library/Bee/artifacts/1900b0aE.dag/Unity.VisualScripting.State.dll (+2 others)","enqueueingNodeIndex":260}
{"msg":"enqueueNode","enqueuedNodeAnnotation":"WriteText Library/Bee/artifacts/1900b0aE.dag/Unity.VisualScripting.State.rsp","enqueuedNodeIndex":258,"enqueueingNodeAnnotation":"Csc Library/Bee/artifacts/1900b0aE.dag/Unity.VisualScripting.State.dll (+2 others)","enqueueingNodeIndex":260}
{"msg":"enqueueNode","enqueuedNodeAnnotation":"WriteText Library/Bee/artifacts/1900b0aE.dag/Unity.VisualScripting.State.rsp2","enqueuedNodeIndex":259,"enqueueingNodeAnnotation":"Csc Library/Bee/artifacts/1900b0aE.dag/Unity.VisualScripting.State.dll (+2 others)","enqueueingNodeIndex":260}
{"msg":"enqueueNode","enqueuedNodeAnnotation":"MovedFromExtractor-Combine Library/Bee/artifacts/1900b0aE.dag/Unity.VisualScripting.State.dll.mvfrm","enqueuedNodeIndex":262,"enqueueingNodeAnnotation":"Csc Library/Bee/artifacts/1900b0aE.dag/Unity.VisualScripting.State.dll (+2 others)","enqueueingNodeIndex":260}
{"msg":"enqueueNode","enqueuedNodeAnnotation":"WriteText Library/Bee/artifacts/1900b0aE.dag/Unity.VisualScripting.State.dll.mvfrm.rsp","enqueuedNodeIndex":261,"enqueueingNodeAnnotation":"MovedFromExtractor-Combine Library/Bee/artifacts/1900b0aE.dag/Unity.VisualScripting.State.dll.mvfrm","enqueueingNodeIndex":262}
{"msg":"enqueueNode","enqueuedNodeAnnotation":"MovedFromExtractor Library/Bee/artifacts/mvdfrm/Unity.VisualScripting.State.Editor.ref.dll_E03858E727F23F6F.mvfrm","enqueuedNodeIndex":281,"enqueueingNodeAnnotation":"ScriptAssemblies","enqueueingNodeIndex":6}
{"msg":"enqueueNode","enqueuedNodeAnnotation":"Csc Library/Bee/artifacts/1900b0aE.dag/Unity.VisualScripting.State.Editor.dll (+2 others)","enqueuedNodeIndex":274,"enqueueingNodeAnnotation":"MovedFromExtractor Library/Bee/artifacts/mvdfrm/Unity.VisualScripting.State.Editor.ref.dll_E03858E727F23F6F.mvfrm","enqueueingNodeIndex":281}
{"msg":"enqueueNode","enqueuedNodeAnnotation":"WriteText Library/Bee/artifacts/1900b0aE.dag/Unity.VisualScripting.State.Editor.UnityAdditionalFile.txt","enqueuedNodeIndex":271,"enqueueingNodeAnnotation":"Csc Library/Bee/artifacts/1900b0aE.dag/Unity.VisualScripting.State.Editor.dll (+2 others)","enqueueingNodeIndex":274}
{"msg":"enqueueNode","enqueuedNodeAnnotation":"WriteText Library/Bee/artifacts/1900b0aE.dag/Unity.VisualScripting.State.Editor.rsp","enqueuedNodeIndex":272,"enqueueingNodeAnnotation":"Csc Library/Bee/artifacts/1900b0aE.dag/Unity.VisualScripting.State.Editor.dll (+2 others)","enqueueingNodeIndex":274}
{"msg":"enqueueNode","enqueuedNodeAnnotation":"WriteText Library/Bee/artifacts/1900b0aE.dag/Unity.VisualScripting.State.Editor.rsp2","enqueuedNodeIndex":273,"enqueueingNodeAnnotation":"Csc Library/Bee/artifacts/1900b0aE.dag/Unity.VisualScripting.State.Editor.dll (+2 others)","enqueueingNodeIndex":274}
{"msg":"enqueueNode","enqueuedNodeAnnotation":"MovedFromExtractor-Combine Library/Bee/artifacts/1900b0aE.dag/Unity.VisualScripting.State.Editor.dll.mvfrm","enqueuedNodeIndex":276,"enqueueingNodeAnnotation":"Csc Library/Bee/artifacts/1900b0aE.dag/Unity.VisualScripting.State.Editor.dll (+2 others)","enqueueingNodeIndex":274}
{"msg":"enqueueNode","enqueuedNodeAnnotation":"WriteText Library/Bee/artifacts/1900b0aE.dag/Unity.VisualScripting.State.Editor.dll.mvfrm.rsp","enqueuedNodeIndex":275,"enqueueingNodeAnnotation":"MovedFromExtractor-Combine Library/Bee/artifacts/1900b0aE.dag/Unity.VisualScripting.State.Editor.dll.mvfrm","enqueueingNodeIndex":276}
{"msg":"enqueueNode","enqueuedNodeAnnotation":"MovedFromExtractor Library/Bee/artifacts/mvdfrm/Unity.EditorCoroutines.Editor.ref.dll_34ED10A34098B2DB.mvfrm","enqueuedNodeIndex":288,"enqueueingNodeAnnotation":"ScriptAssemblies","enqueueingNodeIndex":6}
{"msg":"enqueueNode","enqueuedNodeAnnotation":"Csc Library/Bee/artifacts/1900b0aE.dag/Unity.EditorCoroutines.Editor.dll (+2 others)","enqueuedNodeIndex":130,"enqueueingNodeAnnotation":"MovedFromExtractor Library/Bee/artifacts/mvdfrm/Unity.EditorCoroutines.Editor.ref.dll_34ED10A34098B2DB.mvfrm","enqueueingNodeIndex":288}
{"msg":"enqueueNode","enqueuedNodeAnnotation":"WriteText Library/Bee/artifacts/1900b0aE.dag/Unity.EditorCoroutines.Editor.UnityAdditionalFile.txt","enqueuedNodeIndex":127,"enqueueingNodeAnnotation":"Csc Library/Bee/artifacts/1900b0aE.dag/Unity.EditorCoroutines.Editor.dll (+2 others)","enqueueingNodeIndex":130}
{"msg":"enqueueNode","enqueuedNodeAnnotation":"WriteText Library/Bee/artifacts/1900b0aE.dag/Unity.EditorCoroutines.Editor.rsp","enqueuedNodeIndex":128,"enqueueingNodeAnnotation":"Csc Library/Bee/artifacts/1900b0aE.dag/Unity.EditorCoroutines.Editor.dll (+2 others)","enqueueingNodeIndex":130}
{"msg":"enqueueNode","enqueuedNodeAnnotation":"WriteText Library/Bee/artifacts/1900b0aE.dag/Unity.EditorCoroutines.Editor.rsp2","enqueuedNodeIndex":129,"enqueueingNodeAnnotation":"Csc Library/Bee/artifacts/1900b0aE.dag/Unity.EditorCoroutines.Editor.dll (+2 others)","enqueueingNodeIndex":130}
{"msg":"enqueueNode","enqueuedNodeAnnotation":"MovedFromExtractor-Combine Library/Bee/artifacts/1900b0aE.dag/Unity.EditorCoroutines.Editor.dll.mvfrm","enqueuedNodeIndex":133,"enqueueingNodeAnnotation":"Csc Library/Bee/artifacts/1900b0aE.dag/Unity.EditorCoroutines.Editor.dll (+2 others)","enqueueingNodeIndex":130}
{"msg":"enqueueNode","enqueuedNodeAnnotation":"WriteText Library/Bee/artifacts/1900b0aE.dag/Unity.EditorCoroutines.Editor.dll.mvfrm.rsp","enqueuedNodeIndex":132,"enqueueingNodeAnnotation":"MovedFromExtractor-Combine Library/Bee/artifacts/1900b0aE.dag/Unity.EditorCoroutines.Editor.dll.mvfrm","enqueueingNodeIndex":133}
{"msg":"enqueueNode","enqueuedNodeAnnotation":"MovedFromExtractor Library/Bee/artifacts/mvdfrm/Unity.Performance.Profile-Analyzer.Editor.ref.dll_65A192712782EB2B.mvfrm","enqueuedNodeIndex":289,"enqueueingNodeAnnotation":"ScriptAssemblies","enqueueingNodeIndex":6}
{"msg":"enqueueNode","enqueuedNodeAnnotation":"Csc Library/Bee/artifacts/1900b0aE.dag/Unity.Performance.Profile-Analyzer.Editor.dll (+2 others)","enqueuedNodeIndex":137,"enqueueingNodeAnnotation":"MovedFromExtractor Library/Bee/artifacts/mvdfrm/Unity.Performance.Profile-Analyzer.Editor.ref.dll_65A192712782EB2B.mvfrm","enqueueingNodeIndex":289}
{"msg":"enqueueNode","enqueuedNodeAnnotation":"WriteText Library/Bee/artifacts/1900b0aE.dag/Unity.Performance.Profile-Analyzer.Editor.UnityAdditionalFile.txt","enqueuedNodeIndex":134,"enqueueingNodeAnnotation":"Csc Library/Bee/artifacts/1900b0aE.dag/Unity.Performance.Profile-Analyzer.Editor.dll (+2 others)","enqueueingNodeIndex":137}
{"msg":"enqueueNode","enqueuedNodeAnnotation":"WriteText Library/Bee/artifacts/1900b0aE.dag/Unity.Performance.Profile-Analyzer.Editor.rsp","enqueuedNodeIndex":135,"enqueueingNodeAnnotation":"Csc Library/Bee/artifacts/1900b0aE.dag/Unity.Performance.Profile-Analyzer.Editor.dll (+2 others)","enqueueingNodeIndex":137}
{"msg":"enqueueNode","enqueuedNodeAnnotation":"WriteText Library/Bee/artifacts/1900b0aE.dag/Unity.Performance.Profile-Analyzer.Editor.rsp2","enqueuedNodeIndex":136,"enqueueingNodeAnnotation":"Csc Library/Bee/artifacts/1900b0aE.dag/Unity.Performance.Profile-Analyzer.Editor.dll (+2 others)","enqueueingNodeIndex":137}
{"msg":"enqueueNode","enqueuedNodeAnnotation":"MovedFromExtractor-Combine Library/Bee/artifacts/1900b0aE.dag/Unity.Performance.Profile-Analyzer.Editor.dll.mvfrm","enqueuedNodeIndex":139,"enqueueingNodeAnnotation":"Csc Library/Bee/artifacts/1900b0aE.dag/Unity.Performance.Profile-Analyzer.Editor.dll (+2 others)","enqueueingNodeIndex":137}
{"msg":"enqueueNode","enqueuedNodeAnnotation":"WriteText Library/Bee/artifacts/1900b0aE.dag/Unity.Performance.Profile-Analyzer.Editor.dll.mvfrm.rsp","enqueuedNodeIndex":138,"enqueueingNodeAnnotation":"MovedFromExtractor-Combine Library/Bee/artifacts/1900b0aE.dag/Unity.Performance.Profile-Analyzer.Editor.dll.mvfrm","enqueueingNodeIndex":139}
{"msg":"enqueueNode","enqueuedNodeAnnotation":"MovedFromExtractor Library/Bee/artifacts/mvdfrm/Unity.Rider.Editor.ref.dll_9B5591808ABA37AF.mvfrm","enqueuedNodeIndex":290,"enqueueingNodeAnnotation":"ScriptAssemblies","enqueueingNodeIndex":6}
{"msg":"enqueueNode","enqueuedNodeAnnotation":"Csc Library/Bee/artifacts/1900b0aE.dag/Unity.Rider.Editor.dll (+2 others)","enqueuedNodeIndex":149,"enqueueingNodeAnnotation":"MovedFromExtractor Library/Bee/artifacts/mvdfrm/Unity.Rider.Editor.ref.dll_9B5591808ABA37AF.mvfrm","enqueueingNodeIndex":290}
{"msg":"enqueueNode","enqueuedNodeAnnotation":"WriteText Library/Bee/artifacts/1900b0aE.dag/Unity.Rider.Editor.UnityAdditionalFile.txt","enqueuedNodeIndex":146,"enqueueingNodeAnnotation":"Csc Library/Bee/artifacts/1900b0aE.dag/Unity.Rider.Editor.dll (+2 others)","enqueueingNodeIndex":149}
{"msg":"enqueueNode","enqueuedNodeAnnotation":"WriteText Library/Bee/artifacts/1900b0aE.dag/Unity.Rider.Editor.rsp","enqueuedNodeIndex":147,"enqueueingNodeAnnotation":"Csc Library/Bee/artifacts/1900b0aE.dag/Unity.Rider.Editor.dll (+2 others)","enqueueingNodeIndex":149}
{"msg":"enqueueNode","enqueuedNodeAnnotation":"WriteText Library/Bee/artifacts/1900b0aE.dag/Unity.Rider.Editor.rsp2","enqueuedNodeIndex":148,"enqueueingNodeAnnotation":"Csc Library/Bee/artifacts/1900b0aE.dag/Unity.Rider.Editor.dll (+2 others)","enqueueingNodeIndex":149}
{"msg":"enqueueNode","enqueuedNodeAnnotation":"MovedFromExtractor-Combine Library/Bee/artifacts/1900b0aE.dag/Unity.Rider.Editor.dll.mvfrm","enqueuedNodeIndex":151,"enqueueingNodeAnnotation":"Csc Library/Bee/artifacts/1900b0aE.dag/Unity.Rider.Editor.dll (+2 others)","enqueueingNodeIndex":149}
{"msg":"enqueueNode","enqueuedNodeAnnotation":"WriteText Library/Bee/artifacts/1900b0aE.dag/Unity.Rider.Editor.dll.mvfrm.rsp","enqueuedNodeIndex":150,"enqueueingNodeAnnotation":"MovedFromExtractor-Combine Library/Bee/artifacts/1900b0aE.dag/Unity.Rider.Editor.dll.mvfrm","enqueueingNodeIndex":151}
{"msg":"enqueueNode","enqueuedNodeAnnotation":"MovedFromExtractor Library/Bee/artifacts/mvdfrm/Unity.TestTools.CodeCoverage.Editor.ref.dll_F09CF4826CE11CD9.mvfrm","enqueuedNodeIndex":291,"enqueueingNodeAnnotation":"ScriptAssemblies","enqueueingNodeIndex":6}
{"msg":"enqueueNode","enqueuedNodeAnnotation":"Csc Library/Bee/artifacts/1900b0aE.dag/Unity.TestTools.CodeCoverage.Editor.dll (+2 others)","enqueuedNodeIndex":210,"enqueueingNodeAnnotation":"MovedFromExtractor Library/Bee/artifacts/mvdfrm/Unity.TestTools.CodeCoverage.Editor.ref.dll_F09CF4826CE11CD9.mvfrm","enqueueingNodeIndex":291}
{"msg":"enqueueNode","enqueuedNodeAnnotation":"WriteText Library/Bee/artifacts/1900b0aE.dag/Unity.TestTools.CodeCoverage.Editor.UnityAdditionalFile.txt","enqueuedNodeIndex":207,"enqueueingNodeAnnotation":"Csc Library/Bee/artifacts/1900b0aE.dag/Unity.TestTools.CodeCoverage.Editor.dll (+2 others)","enqueueingNodeIndex":210}
{"msg":"enqueueNode","enqueuedNodeAnnotation":"WriteText Library/Bee/artifacts/1900b0aE.dag/Unity.TestTools.CodeCoverage.Editor.rsp","enqueuedNodeIndex":208,"enqueueingNodeAnnotation":"Csc Library/Bee/artifacts/1900b0aE.dag/Unity.TestTools.CodeCoverage.Editor.dll (+2 others)","enqueueingNodeIndex":210}
{"msg":"enqueueNode","enqueuedNodeAnnotation":"WriteText Library/Bee/artifacts/1900b0aE.dag/Unity.TestTools.CodeCoverage.Editor.rsp2","enqueuedNodeIndex":209,"enqueueingNodeAnnotation":"Csc Library/Bee/artifacts/1900b0aE.dag/Unity.TestTools.CodeCoverage.Editor.dll (+2 others)","enqueueingNodeIndex":210}
{"msg":"enqueueNode","enqueuedNodeAnnotation":"MovedFromExtractor-Combine Library/Bee/artifacts/1900b0aE.dag/Unity.TestTools.CodeCoverage.Editor.dll.mvfrm","enqueuedNodeIndex":215,"enqueueingNodeAnnotation":"Csc Library/Bee/artifacts/1900b0aE.dag/Unity.TestTools.CodeCoverage.Editor.dll (+2 others)","enqueueingNodeIndex":210}
{"msg":"enqueueNode","enqueuedNodeAnnotation":"WriteText Library/Bee/artifacts/1900b0aE.dag/Unity.TestTools.CodeCoverage.Editor.dll.mvfrm.rsp","enqueuedNodeIndex":214,"enqueueingNodeAnnotation":"MovedFromExtractor-Combine Library/Bee/artifacts/1900b0aE.dag/Unity.TestTools.CodeCoverage.Editor.dll.mvfrm","enqueueingNodeIndex":215}
{"msg":"enqueueNode","enqueuedNodeAnnotation":"MovedFromExtractor Library/Bee/artifacts/mvdfrm/Unity.TextMeshPro.Editor.ref.dll_159E061D77A10B86.mvfrm","enqueuedNodeIndex":292,"enqueueingNodeAnnotation":"ScriptAssemblies","enqueueingNodeIndex":6}
{"msg":"enqueueNode","enqueuedNodeAnnotation":"Csc Library/Bee/artifacts/1900b0aE.dag/Unity.TextMeshPro.Editor.dll (+2 others)","enqueuedNodeIndex":219,"enqueueingNodeAnnotation":"MovedFromExtractor Library/Bee/artifacts/mvdfrm/Unity.TextMeshPro.Editor.ref.dll_159E061D77A10B86.mvfrm","enqueueingNodeIndex":292}
{"msg":"enqueueNode","enqueuedNodeAnnotation":"WriteText Library/Bee/artifacts/1900b0aE.dag/Unity.TextMeshPro.Editor.UnityAdditionalFile.txt","enqueuedNodeIndex":216,"enqueueingNodeAnnotation":"Csc Library/Bee/artifacts/1900b0aE.dag/Unity.TextMeshPro.Editor.dll (+2 others)","enqueueingNodeIndex":219}
{"msg":"enqueueNode","enqueuedNodeAnnotation":"WriteText Library/Bee/artifacts/1900b0aE.dag/Unity.TextMeshPro.Editor.rsp","enqueuedNodeIndex":217,"enqueueingNodeAnnotation":"Csc Library/Bee/artifacts/1900b0aE.dag/Unity.TextMeshPro.Editor.dll (+2 others)","enqueueingNodeIndex":219}
{"msg":"enqueueNode","enqueuedNodeAnnotation":"WriteText Library/Bee/artifacts/1900b0aE.dag/Unity.TextMeshPro.Editor.rsp2","enqueuedNodeIndex":218,"enqueueingNodeAnnotation":"Csc Library/Bee/artifacts/1900b0aE.dag/Unity.TextMeshPro.Editor.dll (+2 others)","enqueueingNodeIndex":219}
{"msg":"enqueueNode","enqueuedNodeAnnotation":"MovedFromExtractor-Combine Library/Bee/artifacts/1900b0aE.dag/Unity.TextMeshPro.Editor.dll.mvfrm","enqueuedNodeIndex":222,"enqueueingNodeAnnotation":"Csc Library/Bee/artifacts/1900b0aE.dag/Unity.TextMeshPro.Editor.dll (+2 others)","enqueueingNodeIndex":219}
{"msg":"enqueueNode","enqueuedNodeAnnotation":"WriteText Library/Bee/artifacts/1900b0aE.dag/Unity.TextMeshPro.Editor.dll.mvfrm.rsp","enqueuedNodeIndex":221,"enqueueingNodeAnnotation":"MovedFromExtractor-Combine Library/Bee/artifacts/1900b0aE.dag/Unity.TextMeshPro.Editor.dll.mvfrm","enqueueingNodeIndex":222}
{"msg":"enqueueNode","enqueuedNodeAnnotation":"MovedFromExtractor Library/Bee/artifacts/mvdfrm/Unity.Timeline.Editor.ref.dll_0D3D3C0B73557612.mvfrm","enqueuedNodeIndex":293,"enqueueingNodeAnnotation":"ScriptAssemblies","enqueueingNodeIndex":6}
{"msg":"enqueueNode","enqueuedNodeAnnotation":"Csc Library/Bee/artifacts/1900b0aE.dag/Unity.Timeline.Editor.dll (+2 others)","enqueuedNodeIndex":226,"enqueueingNodeAnnotation":"MovedFromExtractor Library/Bee/artifacts/mvdfrm/Unity.Timeline.Editor.ref.dll_0D3D3C0B73557612.mvfrm","enqueueingNodeIndex":293}
{"msg":"enqueueNode","enqueuedNodeAnnotation":"WriteText Library/Bee/artifacts/1900b0aE.dag/Unity.Timeline.Editor.UnityAdditionalFile.txt","enqueuedNodeIndex":223,"enqueueingNodeAnnotation":"Csc Library/Bee/artifacts/1900b0aE.dag/Unity.Timeline.Editor.dll (+2 others)","enqueueingNodeIndex":226}
{"msg":"enqueueNode","enqueuedNodeAnnotation":"WriteText Library/Bee/artifacts/1900b0aE.dag/Unity.Timeline.Editor.rsp","enqueuedNodeIndex":224,"enqueueingNodeAnnotation":"Csc Library/Bee/artifacts/1900b0aE.dag/Unity.Timeline.Editor.dll (+2 others)","enqueueingNodeIndex":226}
{"msg":"enqueueNode","enqueuedNodeAnnotation":"WriteText Library/Bee/artifacts/1900b0aE.dag/Unity.Timeline.Editor.rsp2","enqueuedNodeIndex":225,"enqueueingNodeAnnotation":"Csc Library/Bee/artifacts/1900b0aE.dag/Unity.Timeline.Editor.dll (+2 others)","enqueueingNodeIndex":226}
{"msg":"enqueueNode","enqueuedNodeAnnotation":"MovedFromExtractor-Combine Library/Bee/artifacts/1900b0aE.dag/Unity.Timeline.Editor.dll.mvfrm","enqueuedNodeIndex":229,"enqueueingNodeAnnotation":"Csc Library/Bee/artifacts/1900b0aE.dag/Unity.Timeline.Editor.dll (+2 others)","enqueueingNodeIndex":226}
{"msg":"enqueueNode","enqueuedNodeAnnotation":"WriteText Library/Bee/artifacts/1900b0aE.dag/Unity.Timeline.Editor.dll.mvfrm.rsp","enqueuedNodeIndex":228,"enqueueingNodeAnnotation":"MovedFromExtractor-Combine Library/Bee/artifacts/1900b0aE.dag/Unity.Timeline.Editor.dll.mvfrm","enqueueingNodeIndex":229}
{"msg":"enqueueNode","enqueuedNodeAnnotation":"MovedFromExtractor Library/Bee/artifacts/mvdfrm/Unity.VisualScripting.SettingsProvider.Editor.ref.dll_A1A44354E0B583A8.mvfrm","enqueuedNodeIndex":294,"enqueueingNodeAnnotation":"ScriptAssemblies","enqueueingNodeIndex":6}
{"msg":"enqueueNode","enqueuedNodeAnnotation":"Csc Library/Bee/artifacts/1900b0aE.dag/Unity.VisualScripting.SettingsProvider.Editor.dll (+2 others)","enqueuedNodeIndex":266,"enqueueingNodeAnnotation":"MovedFromExtractor Library/Bee/artifacts/mvdfrm/Unity.VisualScripting.SettingsProvider.Editor.ref.dll_A1A44354E0B583A8.mvfrm","enqueueingNodeIndex":294}
{"msg":"enqueueNode","enqueuedNodeAnnotation":"WriteText Library/Bee/artifacts/1900b0aE.dag/Unity.VisualScripting.SettingsProvider.Editor.UnityAdditionalFile.txt","enqueuedNodeIndex":263,"enqueueingNodeAnnotation":"Csc Library/Bee/artifacts/1900b0aE.dag/Unity.VisualScripting.SettingsProvider.Editor.dll (+2 others)","enqueueingNodeIndex":266}
{"msg":"enqueueNode","enqueuedNodeAnnotation":"WriteText Library/Bee/artifacts/1900b0aE.dag/Unity.VisualScripting.SettingsProvider.Editor.rsp","enqueuedNodeIndex":264,"enqueueingNodeAnnotation":"Csc Library/Bee/artifacts/1900b0aE.dag/Unity.VisualScripting.SettingsProvider.Editor.dll (+2 others)","enqueueingNodeIndex":266}
{"msg":"enqueueNode","enqueuedNodeAnnotation":"WriteText Library/Bee/artifacts/1900b0aE.dag/Unity.VisualScripting.SettingsProvider.Editor.rsp2","enqueuedNodeIndex":265,"enqueueingNodeAnnotation":"Csc Library/Bee/artifacts/1900b0aE.dag/Unity.VisualScripting.SettingsProvider.Editor.dll (+2 others)","enqueueingNodeIndex":266}
{"msg":"enqueueNode","enqueuedNodeAnnotation":"MovedFromExtractor-Combine Library/Bee/artifacts/1900b0aE.dag/Unity.VisualScripting.SettingsProvider.Editor.dll.mvfrm","enqueuedNodeIndex":270,"enqueueingNodeAnnotation":"Csc Library/Bee/artifacts/1900b0aE.dag/Unity.VisualScripting.SettingsProvider.Editor.dll (+2 others)","enqueueingNodeIndex":266}
{"msg":"enqueueNode","enqueuedNodeAnnotation":"WriteText Library/Bee/artifacts/1900b0aE.dag/Unity.VisualScripting.SettingsProvider.Editor.dll.mvfrm.rsp","enqueuedNodeIndex":269,"enqueueingNodeAnnotation":"MovedFromExtractor-Combine Library/Bee/artifacts/1900b0aE.dag/Unity.VisualScripting.SettingsProvider.Editor.dll.mvfrm","enqueueingNodeIndex":270}
{"msg":"enqueueNode","enqueuedNodeAnnotation":"MovedFromExtractor Library/Bee/artifacts/mvdfrm/Unity.VisualScripting.Shared.Editor.ref.dll_9669F6EBFF6DFFB7.mvfrm","enqueuedNodeIndex":295,"enqueueingNodeAnnotation":"ScriptAssemblies","enqueueingNodeIndex":6}
{"msg":"enqueueNode","enqueuedNodeAnnotation":"Csc Library/Bee/artifacts/1900b0aE.dag/Unity.VisualScripting.Shared.Editor.dll (+2 others)","enqueuedNodeIndex":280,"enqueueingNodeAnnotation":"MovedFromExtractor Library/Bee/artifacts/mvdfrm/Unity.VisualScripting.Shared.Editor.ref.dll_9669F6EBFF6DFFB7.mvfrm","enqueueingNodeIndex":295}
{"msg":"enqueueNode","enqueuedNodeAnnotation":"WriteText Library/Bee/artifacts/1900b0aE.dag/Unity.VisualScripting.Shared.Editor.UnityAdditionalFile.txt","enqueuedNodeIndex":277,"enqueueingNodeAnnotation":"Csc Library/Bee/artifacts/1900b0aE.dag/Unity.VisualScripting.Shared.Editor.dll (+2 others)","enqueueingNodeIndex":280}
{"msg":"enqueueNode","enqueuedNodeAnnotation":"WriteText Library/Bee/artifacts/1900b0aE.dag/Unity.VisualScripting.Shared.Editor.rsp","enqueuedNodeIndex":278,"enqueueingNodeAnnotation":"Csc Library/Bee/artifacts/1900b0aE.dag/Unity.VisualScripting.Shared.Editor.dll (+2 others)","enqueueingNodeIndex":280}
{"msg":"enqueueNode","enqueuedNodeAnnotation":"WriteText Library/Bee/artifacts/1900b0aE.dag/Unity.VisualScripting.Shared.Editor.rsp2","enqueuedNodeIndex":279,"enqueueingNodeAnnotation":"Csc Library/Bee/artifacts/1900b0aE.dag/Unity.VisualScripting.Shared.Editor.dll (+2 others)","enqueueingNodeIndex":280}
{"msg":"enqueueNode","enqueuedNodeAnnotation":"MovedFromExtractor-Combine Library/Bee/artifacts/1900b0aE.dag/Unity.VisualScripting.Shared.Editor.dll.mvfrm","enqueuedNodeIndex":283,"enqueueingNodeAnnotation":"Csc Library/Bee/artifacts/1900b0aE.dag/Unity.VisualScripting.Shared.Editor.dll (+2 others)","enqueueingNodeIndex":280}
{"msg":"enqueueNode","enqueuedNodeAnnotation":"WriteText Library/Bee/artifacts/1900b0aE.dag/Unity.VisualScripting.Shared.Editor.dll.mvfrm.rsp","enqueuedNodeIndex":282,"enqueueingNodeAnnotation":"MovedFromExtractor-Combine Library/Bee/artifacts/1900b0aE.dag/Unity.VisualScripting.Shared.Editor.dll.mvfrm","enqueueingNodeIndex":283}
{"msg":"enqueueNode","enqueuedNodeAnnotation":"MovedFromExtractor Library/Bee/artifacts/mvdfrm/Unity.VisualStudio.Editor.ref.dll_3A975DBA53ABA4AD.mvfrm","enqueuedNodeIndex":296,"enqueueingNodeAnnotation":"ScriptAssemblies","enqueueingNodeIndex":6}
{"msg":"enqueueNode","enqueuedNodeAnnotation":"Csc Library/Bee/artifacts/1900b0aE.dag/Unity.VisualStudio.Editor.dll (+2 others)","enqueuedNodeIndex":191,"enqueueingNodeAnnotation":"MovedFromExtractor Library/Bee/artifacts/mvdfrm/Unity.VisualStudio.Editor.ref.dll_3A975DBA53ABA4AD.mvfrm","enqueueingNodeIndex":296}
{"msg":"enqueueNode","enqueuedNodeAnnotation":"WriteText Library/Bee/artifacts/1900b0aE.dag/Unity.VisualStudio.Editor.UnityAdditionalFile.txt","enqueuedNodeIndex":188,"enqueueingNodeAnnotation":"Csc Library/Bee/artifacts/1900b0aE.dag/Unity.VisualStudio.Editor.dll (+2 others)","enqueueingNodeIndex":191}
{"msg":"enqueueNode","enqueuedNodeAnnotation":"WriteText Library/Bee/artifacts/1900b0aE.dag/Unity.VisualStudio.Editor.rsp","enqueuedNodeIndex":189,"enqueueingNodeAnnotation":"Csc Library/Bee/artifacts/1900b0aE.dag/Unity.VisualStudio.Editor.dll (+2 others)","enqueueingNodeIndex":191}
{"msg":"enqueueNode","enqueuedNodeAnnotation":"WriteText Library/Bee/artifacts/1900b0aE.dag/Unity.VisualStudio.Editor.rsp2","enqueuedNodeIndex":190,"enqueueingNodeAnnotation":"Csc Library/Bee/artifacts/1900b0aE.dag/Unity.VisualStudio.Editor.dll (+2 others)","enqueueingNodeIndex":191}
{"msg":"enqueueNode","enqueuedNodeAnnotation":"MovedFromExtractor-Combine Library/Bee/artifacts/1900b0aE.dag/Unity.VisualStudio.Editor.dll.mvfrm","enqueuedNodeIndex":193,"enqueueingNodeAnnotation":"Csc Library/Bee/artifacts/1900b0aE.dag/Unity.VisualStudio.Editor.dll (+2 others)","enqueueingNodeIndex":191}
{"msg":"enqueueNode","enqueuedNodeAnnotation":"WriteText Library/Bee/artifacts/1900b0aE.dag/Unity.VisualStudio.Editor.dll.mvfrm.rsp","enqueuedNodeIndex":192,"enqueueingNodeAnnotation":"MovedFromExtractor-Combine Library/Bee/artifacts/1900b0aE.dag/Unity.VisualStudio.Editor.dll.mvfrm","enqueueingNodeIndex":193}
{"msg":"enqueueNode","enqueuedNodeAnnotation":"CopyFiles Library/ScriptAssemblies/UnityEngine.TestRunner.dll","enqueuedNodeIndex":305,"enqueueingNodeAnnotation":"ScriptAssemblies","enqueueingNodeIndex":6}
{"msg":"enqueueNode","enqueuedNodeAnnotation":"CopyFiles Library/ScriptAssemblies/UnityEngine.TestRunner.pdb","enqueuedNodeIndex":306,"enqueueingNodeAnnotation":"ScriptAssemblies","enqueueingNodeIndex":6}
{"msg":"enqueueNode","enqueuedNodeAnnotation":"CopyFiles Library/ScriptAssemblies/UnityEditor.TestRunner.dll","enqueuedNodeIndex":307,"enqueueingNodeAnnotation":"ScriptAssemblies","enqueueingNodeIndex":6}
{"msg":"enqueueNode","enqueuedNodeAnnotation":"CopyFiles Library/ScriptAssemblies/UnityEditor.TestRunner.pdb","enqueuedNodeIndex":308,"enqueueingNodeAnnotation":"ScriptAssemblies","enqueueingNodeIndex":6}
{"msg":"enqueueNode","enqueuedNodeAnnotation":"CopyFiles Library/ScriptAssemblies/Unity.Rider.Editor.dll","enqueuedNodeIndex":309,"enqueueingNodeAnnotation":"ScriptAssemblies","enqueueingNodeIndex":6}
{"msg":"enqueueNode","enqueuedNodeAnnotation":"CopyFiles Library/ScriptAssemblies/Unity.Rider.Editor.pdb","enqueuedNodeIndex":310,"enqueueingNodeAnnotation":"ScriptAssemblies","enqueueingNodeIndex":6}
{"msg":"enqueueNode","enqueuedNodeAnnotation":"CopyFiles Library/ScriptAssemblies/Unity.VisualStudio.Editor.dll","enqueuedNodeIndex":311,"enqueueingNodeAnnotation":"ScriptAssemblies","enqueueingNodeIndex":6}
{"msg":"enqueueNode","enqueuedNodeAnnotation":"CopyFiles Library/ScriptAssemblies/Unity.VisualStudio.Editor.pdb","enqueuedNodeIndex":312,"enqueueingNodeAnnotation":"ScriptAssemblies","enqueueingNodeIndex":6}
{"msg":"enqueueNode","enqueuedNodeAnnotation":"CopyFiles Library/ScriptAssemblies/UnityEngine.UI.dll","enqueuedNodeIndex":313,"enqueueingNodeAnnotation":"ScriptAssemblies","enqueueingNodeIndex":6}
{"msg":"enqueueNode","enqueuedNodeAnnotation":"CopyFiles Library/ScriptAssemblies/UnityEngine.UI.pdb","enqueuedNodeIndex":314,"enqueueingNodeAnnotation":"ScriptAssemblies","enqueueingNodeIndex":6}
{"msg":"enqueueNode","enqueuedNodeAnnotation":"CopyFiles Library/ScriptAssemblies/UnityEditor.UI.dll","enqueuedNodeIndex":315,"enqueueingNodeAnnotation":"ScriptAssemblies","enqueueingNodeIndex":6}
{"msg":"enqueueNode","enqueuedNodeAnnotation":"CopyFiles Library/ScriptAssemblies/UnityEditor.UI.pdb","enqueuedNodeIndex":316,"enqueueingNodeAnnotation":"ScriptAssemblies","enqueueingNodeIndex":6}
{"msg":"enqueueNode","enqueuedNodeAnnotation":"CopyFiles Library/ScriptAssemblies/Unity.EditorCoroutines.Editor.dll","enqueuedNodeIndex":317,"enqueueingNodeAnnotation":"ScriptAssemblies","enqueueingNodeIndex":6}
{"msg":"enqueueNode","enqueuedNodeAnnotation":"CopyFiles Library/ScriptAssemblies/Unity.EditorCoroutines.Editor.pdb","enqueuedNodeIndex":318,"enqueueingNodeAnnotation":"ScriptAssemblies","enqueueingNodeIndex":6}
{"msg":"enqueueNode","enqueuedNodeAnnotation":"CopyFiles Library/ScriptAssemblies/Unity.Performance.Profile-Analyzer.Editor.dll","enqueuedNodeIndex":319,"enqueueingNodeAnnotation":"ScriptAssemblies","enqueueingNodeIndex":6}
{"msg":"enqueueNode","enqueuedNodeAnnotation":"CopyFiles Library/ScriptAssemblies/Unity.Performance.Profile-Analyzer.Editor.pdb","enqueuedNodeIndex":320,"enqueueingNodeAnnotation":"ScriptAssemblies","enqueueingNodeIndex":6}
{"msg":"enqueueNode","enqueuedNodeAnnotation":"CopyFiles Library/ScriptAssemblies/Unity.PlasticSCM.Editor.dll","enqueuedNodeIndex":321,"enqueueingNodeAnnotation":"ScriptAssemblies","enqueueingNodeIndex":6}
{"msg":"enqueueNode","enqueuedNodeAnnotation":"CopyFiles Library/ScriptAssemblies/Unity.PlasticSCM.Editor.pdb","enqueuedNodeIndex":322,"enqueueingNodeAnnotation":"ScriptAssemblies","enqueueingNodeIndex":6}
{"msg":"enqueueNode","enqueuedNodeAnnotation":"CopyFiles Library/ScriptAssemblies/Unity.Settings.Editor.dll","enqueuedNodeIndex":323,"enqueueingNodeAnnotation":"ScriptAssemblies","enqueueingNodeIndex":6}
{"msg":"enqueueNode","enqueuedNodeAnnotation":"CopyFiles Library/ScriptAssemblies/Unity.Settings.Editor.pdb","enqueuedNodeIndex":324,"enqueueingNodeAnnotation":"ScriptAssemblies","enqueueingNodeIndex":6}
{"msg":"enqueueNode","enqueuedNodeAnnotation":"CopyFiles Library/ScriptAssemblies/Unity.TestTools.CodeCoverage.Editor.OpenCover.Model.dll","enqueuedNodeIndex":325,"enqueueingNodeAnnotation":"ScriptAssemblies","enqueueingNodeIndex":6}
{"msg":"enqueueNode","enqueuedNodeAnnotation":"CopyFiles Library/ScriptAssemblies/Unity.TestTools.CodeCoverage.Editor.OpenCover.Model.pdb","enqueuedNodeIndex":326,"enqueueingNodeAnnotation":"ScriptAssemblies","enqueueingNodeIndex":6}
{"msg":"enqueueNode","enqueuedNodeAnnotation":"CopyFiles Library/ScriptAssemblies/Unity.TestTools.CodeCoverage.Editor.OpenCover.Mono.Reflection.dll","enqueuedNodeIndex":327,"enqueueingNodeAnnotation":"ScriptAssemblies","enqueueingNodeIndex":6}
{"msg":"enqueueNode","enqueuedNodeAnnotation":"CopyFiles Library/ScriptAssemblies/Unity.TestTools.CodeCoverage.Editor.OpenCover.Mono.Reflection.pdb","enqueuedNodeIndex":328,"enqueueingNodeAnnotation":"ScriptAssemblies","enqueueingNodeIndex":6}
{"msg":"enqueueNode","enqueuedNodeAnnotation":"CopyFiles Library/ScriptAssemblies/Unity.TextMeshPro.dll","enqueuedNodeIndex":329,"enqueueingNodeAnnotation":"ScriptAssemblies","enqueueingNodeIndex":6}
{"msg":"enqueueNode","enqueuedNodeAnnotation":"CopyFiles Library/ScriptAssemblies/Unity.TextMeshPro.pdb","enqueuedNodeIndex":330,"enqueueingNodeAnnotation":"ScriptAssemblies","enqueueingNodeIndex":6}
{"msg":"enqueueNode","enqueuedNodeAnnotation":"CopyFiles Library/ScriptAssemblies/Unity.Timeline.dll","enqueuedNodeIndex":331,"enqueueingNodeAnnotation":"ScriptAssemblies","enqueueingNodeIndex":6}
{"msg":"enqueueNode","enqueuedNodeAnnotation":"CopyFiles Library/ScriptAssemblies/Unity.Timeline.pdb","enqueuedNodeIndex":332,"enqueueingNodeAnnotation":"ScriptAssemblies","enqueueingNodeIndex":6}
{"msg":"enqueueNode","enqueuedNodeAnnotation":"CopyFiles Library/ScriptAssemblies/Unity.VisualScripting.Core.dll","enqueuedNodeIndex":333,"enqueueingNodeAnnotation":"ScriptAssemblies","enqueueingNodeIndex":6}
{"msg":"enqueueNode","enqueuedNodeAnnotation":"CopyFiles Library/ScriptAssemblies/Unity.VisualScripting.Core.pdb","enqueuedNodeIndex":334,"enqueueingNodeAnnotation":"ScriptAssemblies","enqueueingNodeIndex":6}
{"msg":"enqueueNode","enqueuedNodeAnnotation":"CopyFiles Library/ScriptAssemblies/VuforiaScripts.dll","enqueuedNodeIndex":335,"enqueueingNodeAnnotation":"ScriptAssemblies","enqueueingNodeIndex":6}
{"msg":"enqueueNode","enqueuedNodeAnnotation":"Csc Library/Bee/artifacts/1900b0aE.dag/VuforiaScripts.dll (+2 others)","enqueuedNodeIndex":197,"enqueueingNodeAnnotation":"CopyFiles Library/ScriptAssemblies/VuforiaScripts.dll","enqueueingNodeIndex":335}
{"msg":"enqueueNode","enqueuedNodeAnnotation":"WriteText Library/Bee/artifacts/1900b0aE.dag/VuforiaScripts.UnityAdditionalFile.txt","enqueuedNodeIndex":194,"enqueueingNodeAnnotation":"Csc Library/Bee/artifacts/1900b0aE.dag/VuforiaScripts.dll (+2 others)","enqueueingNodeIndex":197}
{"msg":"enqueueNode","enqueuedNodeAnnotation":"WriteText Library/Bee/artifacts/1900b0aE.dag/VuforiaScripts.rsp","enqueuedNodeIndex":195,"enqueueingNodeAnnotation":"Csc Library/Bee/artifacts/1900b0aE.dag/VuforiaScripts.dll (+2 others)","enqueueingNodeIndex":197}
{"msg":"enqueueNode","enqueuedNodeAnnotation":"WriteText Library/Bee/artifacts/1900b0aE.dag/VuforiaScripts.rsp2","enqueuedNodeIndex":196,"enqueueingNodeAnnotation":"Csc Library/Bee/artifacts/1900b0aE.dag/VuforiaScripts.dll (+2 others)","enqueueingNodeIndex":197}
{"msg":"enqueueNode","enqueuedNodeAnnotation":"MovedFromExtractor-Combine Library/Bee/artifacts/1900b0aE.dag/VuforiaScripts.dll.mvfrm","enqueuedNodeIndex":199,"enqueueingNodeAnnotation":"Csc Library/Bee/artifacts/1900b0aE.dag/VuforiaScripts.dll (+2 others)","enqueueingNodeIndex":197}
{"msg":"enqueueNode","enqueuedNodeAnnotation":"WriteText Library/Bee/artifacts/1900b0aE.dag/VuforiaScripts.dll.mvfrm.rsp","enqueuedNodeIndex":198,"enqueueingNodeAnnotation":"MovedFromExtractor-Combine Library/Bee/artifacts/1900b0aE.dag/VuforiaScripts.dll.mvfrm","enqueueingNodeIndex":199}
{"msg":"enqueueNode","enqueuedNodeAnnotation":"CopyFiles Library/ScriptAssemblies/VuforiaScripts.pdb","enqueuedNodeIndex":336,"enqueueingNodeAnnotation":"ScriptAssemblies","enqueueingNodeIndex":6}
{"msg":"enqueueNode","enqueuedNodeAnnotation":"CopyFiles Library/ScriptAssemblies/Unity.CollabProxy.Editor.dll","enqueuedNodeIndex":337,"enqueueingNodeAnnotation":"ScriptAssemblies","enqueueingNodeIndex":6}
{"msg":"enqueueNode","enqueuedNodeAnnotation":"Csc Library/Bee/artifacts/1900b0aE.dag/Unity.CollabProxy.Editor.dll (+2 others)","enqueuedNodeIndex":203,"enqueueingNodeAnnotation":"CopyFiles Library/ScriptAssemblies/Unity.CollabProxy.Editor.dll","enqueueingNodeIndex":337}
{"msg":"enqueueNode","enqueuedNodeAnnotation":"WriteText Library/Bee/artifacts/1900b0aE.dag/Unity.CollabProxy.Editor.UnityAdditionalFile.txt","enqueuedNodeIndex":200,"enqueueingNodeAnnotation":"Csc Library/Bee/artifacts/1900b0aE.dag/Unity.CollabProxy.Editor.dll (+2 others)","enqueueingNodeIndex":203}
{"msg":"enqueueNode","enqueuedNodeAnnotation":"WriteText Library/Bee/artifacts/1900b0aE.dag/Unity.CollabProxy.Editor.rsp","enqueuedNodeIndex":201,"enqueueingNodeAnnotation":"Csc Library/Bee/artifacts/1900b0aE.dag/Unity.CollabProxy.Editor.dll (+2 others)","enqueueingNodeIndex":203}
{"msg":"enqueueNode","enqueuedNodeAnnotation":"WriteText Library/Bee/artifacts/1900b0aE.dag/Unity.CollabProxy.Editor.rsp2","enqueuedNodeIndex":202,"enqueueingNodeAnnotation":"Csc Library/Bee/artifacts/1900b0aE.dag/Unity.CollabProxy.Editor.dll (+2 others)","enqueueingNodeIndex":203}
{"msg":"enqueueNode","enqueuedNodeAnnotation":"MovedFromExtractor-Combine Library/Bee/artifacts/1900b0aE.dag/Unity.CollabProxy.Editor.dll.mvfrm","enqueuedNodeIndex":206,"enqueueingNodeAnnotation":"Csc Library/Bee/artifacts/1900b0aE.dag/Unity.CollabProxy.Editor.dll (+2 others)","enqueueingNodeIndex":203}
{"msg":"enqueueNode","enqueuedNodeAnnotation":"WriteText Library/Bee/artifacts/1900b0aE.dag/Unity.CollabProxy.Editor.dll.mvfrm.rsp","enqueuedNodeIndex":205,"enqueueingNodeAnnotation":"MovedFromExtractor-Combine Library/Bee/artifacts/1900b0aE.dag/Unity.CollabProxy.Editor.dll.mvfrm","enqueueingNodeIndex":206}
{"msg":"enqueueNode","enqueuedNodeAnnotation":"CopyFiles Library/ScriptAssemblies/Unity.CollabProxy.Editor.pdb","enqueuedNodeIndex":338,"enqueueingNodeAnnotation":"ScriptAssemblies","enqueueingNodeIndex":6}
{"msg":"enqueueNode","enqueuedNodeAnnotation":"CopyFiles Library/ScriptAssemblies/Unity.TestTools.CodeCoverage.Editor.dll","enqueuedNodeIndex":339,"enqueueingNodeAnnotation":"ScriptAssemblies","enqueueingNodeIndex":6}
{"msg":"enqueueNode","enqueuedNodeAnnotation":"CopyFiles Library/ScriptAssemblies/Unity.TestTools.CodeCoverage.Editor.pdb","enqueuedNodeIndex":340,"enqueueingNodeAnnotation":"ScriptAssemblies","enqueueingNodeIndex":6}
{"msg":"enqueueNode","enqueuedNodeAnnotation":"CopyFiles Library/ScriptAssemblies/Unity.TextMeshPro.Editor.dll","enqueuedNodeIndex":341,"enqueueingNodeAnnotation":"ScriptAssemblies","enqueueingNodeIndex":6}
{"msg":"enqueueNode","enqueuedNodeAnnotation":"CopyFiles Library/ScriptAssemblies/Unity.TextMeshPro.Editor.pdb","enqueuedNodeIndex":342,"enqueueingNodeAnnotation":"ScriptAssemblies","enqueueingNodeIndex":6}
{"msg":"enqueueNode","enqueuedNodeAnnotation":"CopyFiles Library/ScriptAssemblies/Unity.Timeline.Editor.dll","enqueuedNodeIndex":343,"enqueueingNodeAnnotation":"ScriptAssemblies","enqueueingNodeIndex":6}
{"msg":"enqueueNode","enqueuedNodeAnnotation":"CopyFiles Library/ScriptAssemblies/Unity.Timeline.Editor.pdb","enqueuedNodeIndex":344,"enqueueingNodeAnnotation":"ScriptAssemblies","enqueueingNodeIndex":6}
{"msg":"enqueueNode","enqueuedNodeAnnotation":"CopyFiles Library/ScriptAssemblies/Unity.VisualScripting.Core.Editor.dll","enqueuedNodeIndex":345,"enqueueingNodeAnnotation":"ScriptAssemblies","enqueueingNodeIndex":6}
{"msg":"enqueueNode","enqueuedNodeAnnotation":"CopyFiles Library/ScriptAssemblies/Unity.VisualScripting.Core.Editor.pdb","enqueuedNodeIndex":346,"enqueueingNodeAnnotation":"ScriptAssemblies","enqueueingNodeIndex":6}
{"msg":"enqueueNode","enqueuedNodeAnnotation":"CopyFiles Library/ScriptAssemblies/Unity.VisualScripting.Flow.dll","enqueuedNodeIndex":347,"enqueueingNodeAnnotation":"ScriptAssemblies","enqueueingNodeIndex":6}
{"msg":"enqueueNode","enqueuedNodeAnnotation":"CopyFiles Library/ScriptAssemblies/Unity.VisualScripting.Flow.pdb","enqueuedNodeIndex":348,"enqueueingNodeAnnotation":"ScriptAssemblies","enqueueingNodeIndex":6}
{"msg":"enqueueNode","enqueuedNodeAnnotation":"CopyFiles Library/ScriptAssemblies/VuforiaEditorScripts.dll","enqueuedNodeIndex":349,"enqueueingNodeAnnotation":"ScriptAssemblies","enqueueingNodeIndex":6}
{"msg":"enqueueNode","enqueuedNodeAnnotation":"Csc Library/Bee/artifacts/1900b0aE.dag/VuforiaEditorScripts.dll (+2 others)","enqueuedNodeIndex":246,"enqueueingNodeAnnotation":"CopyFiles Library/ScriptAssemblies/VuforiaEditorScripts.dll","enqueueingNodeIndex":349}
{"msg":"enqueueNode","enqueuedNodeAnnotation":"WriteText Library/Bee/artifacts/1900b0aE.dag/VuforiaEditorScripts.UnityAdditionalFile.txt","enqueuedNodeIndex":243,"enqueueingNodeAnnotation":"Csc Library/Bee/artifacts/1900b0aE.dag/VuforiaEditorScripts.dll (+2 others)","enqueueingNodeIndex":246}
{"msg":"enqueueNode","enqueuedNodeAnnotation":"WriteText Library/Bee/artifacts/1900b0aE.dag/VuforiaEditorScripts.rsp","enqueuedNodeIndex":244,"enqueueingNodeAnnotation":"Csc Library/Bee/artifacts/1900b0aE.dag/VuforiaEditorScripts.dll (+2 others)","enqueueingNodeIndex":246}
{"msg":"enqueueNode","enqueuedNodeAnnotation":"WriteText Library/Bee/artifacts/1900b0aE.dag/VuforiaEditorScripts.rsp2","enqueuedNodeIndex":245,"enqueueingNodeAnnotation":"Csc Library/Bee/artifacts/1900b0aE.dag/VuforiaEditorScripts.dll (+2 others)","enqueueingNodeIndex":246}
{"msg":"enqueueNode","enqueuedNodeAnnotation":"MovedFromExtractor-Combine Library/Bee/artifacts/1900b0aE.dag/VuforiaEditorScripts.dll.mvfrm","enqueuedNodeIndex":248,"enqueueingNodeAnnotation":"Csc Library/Bee/artifacts/1900b0aE.dag/VuforiaEditorScripts.dll (+2 others)","enqueueingNodeIndex":246}
{"msg":"enqueueNode","enqueuedNodeAnnotation":"WriteText Library/Bee/artifacts/1900b0aE.dag/VuforiaEditorScripts.dll.mvfrm.rsp","enqueuedNodeIndex":247,"enqueueingNodeAnnotation":"MovedFromExtractor-Combine Library/Bee/artifacts/1900b0aE.dag/VuforiaEditorScripts.dll.mvfrm","enqueueingNodeIndex":248}
{"msg":"enqueueNode","enqueuedNodeAnnotation":"CopyFiles Library/ScriptAssemblies/VuforiaEditorScripts.pdb","enqueuedNodeIndex":350,"enqueueingNodeAnnotation":"ScriptAssemblies","enqueueingNodeIndex":6}
{"msg":"enqueueNode","enqueuedNodeAnnotation":"CopyFiles Library/ScriptAssemblies/Unity.VisualScripting.Flow.Editor.dll","enqueuedNodeIndex":351,"enqueueingNodeAnnotation":"ScriptAssemblies","enqueueingNodeIndex":6}
{"msg":"enqueueNode","enqueuedNodeAnnotation":"CopyFiles Library/ScriptAssemblies/Unity.VisualScripting.Flow.Editor.pdb","enqueuedNodeIndex":352,"enqueueingNodeAnnotation":"ScriptAssemblies","enqueueingNodeIndex":6}
{"msg":"enqueueNode","enqueuedNodeAnnotation":"CopyFiles Library/ScriptAssemblies/Unity.VisualScripting.State.dll","enqueuedNodeIndex":353,"enqueueingNodeAnnotation":"ScriptAssemblies","enqueueingNodeIndex":6}
{"msg":"enqueueNode","enqueuedNodeAnnotation":"CopyFiles Library/ScriptAssemblies/Unity.VisualScripting.State.pdb","enqueuedNodeIndex":354,"enqueueingNodeAnnotation":"ScriptAssemblies","enqueueingNodeIndex":6}
{"msg":"enqueueNode","enqueuedNodeAnnotation":"CopyFiles Library/ScriptAssemblies/Unity.VisualScripting.SettingsProvider.Editor.dll","enqueuedNodeIndex":355,"enqueueingNodeAnnotation":"ScriptAssemblies","enqueueingNodeIndex":6}
{"msg":"enqueueNode","enqueuedNodeAnnotation":"CopyFiles Library/ScriptAssemblies/Unity.VisualScripting.SettingsProvider.Editor.pdb","enqueuedNodeIndex":356,"enqueueingNodeAnnotation":"ScriptAssemblies","enqueueingNodeIndex":6}
{"msg":"enqueueNode","enqueuedNodeAnnotation":"CopyFiles Library/ScriptAssemblies/Unity.VisualScripting.State.Editor.dll","enqueuedNodeIndex":357,"enqueueingNodeAnnotation":"ScriptAssemblies","enqueueingNodeIndex":6}
{"msg":"enqueueNode","enqueuedNodeAnnotation":"CopyFiles Library/ScriptAssemblies/Unity.VisualScripting.State.Editor.pdb","enqueuedNodeIndex":358,"enqueueingNodeAnnotation":"ScriptAssemblies","enqueueingNodeIndex":6}
{"msg":"enqueueNode","enqueuedNodeAnnotation":"CopyFiles Library/ScriptAssemblies/Unity.VisualScripting.Shared.Editor.dll","enqueuedNodeIndex":359,"enqueueingNodeAnnotation":"ScriptAssemblies","enqueueingNodeIndex":6}
{"msg":"enqueueNode","enqueuedNodeAnnotation":"CopyFiles Library/ScriptAssemblies/Unity.VisualScripting.Shared.Editor.pdb","enqueuedNodeIndex":360,"enqueueingNodeAnnotation":"ScriptAssemblies","enqueueingNodeIndex":6}
{"msg":"enqueueNode","enqueuedNodeAnnotation":"CopyFiles Library/ScriptAssemblies/Assembly-CSharp.dll","enqueuedNodeIndex":361,"enqueueingNodeAnnotation":"ScriptAssemblies","enqueueingNodeIndex":6}
{"msg":"enqueueNode","enqueuedNodeAnnotation":"Csc Library/Bee/artifacts/1900b0aE.dag/Assembly-CSharp.dll (+2 others)","enqueuedNodeIndex":287,"enqueueingNodeAnnotation":"CopyFiles Library/ScriptAssemblies/Assembly-CSharp.dll","enqueueingNodeIndex":361}
{"msg":"enqueueNode","enqueuedNodeAnnotation":"WriteText Library/Bee/artifacts/1900b0aE.dag/Assembly-CSharp.UnityAdditionalFile.txt","enqueuedNodeIndex":284,"enqueueingNodeAnnotation":"Csc Library/Bee/artifacts/1900b0aE.dag/Assembly-CSharp.dll (+2 others)","enqueueingNodeIndex":287}
{"msg":"enqueueNode","enqueuedNodeAnnotation":"WriteText Library/Bee/artifacts/1900b0aE.dag/Assembly-CSharp.rsp","enqueuedNodeIndex":285,"enqueueingNodeAnnotation":"Csc Library/Bee/artifacts/1900b0aE.dag/Assembly-CSharp.dll (+2 others)","enqueueingNodeIndex":287}
{"msg":"enqueueNode","enqueuedNodeAnnotation":"WriteText Library/Bee/artifacts/1900b0aE.dag/Assembly-CSharp.rsp2","enqueuedNodeIndex":286,"enqueueingNodeAnnotation":"Csc Library/Bee/artifacts/1900b0aE.dag/Assembly-CSharp.dll (+2 others)","enqueueingNodeIndex":287}
{"msg":"enqueueNode","enqueuedNodeAnnotation":"MovedFromExtractor-Combine Library/Bee/artifacts/1900b0aE.dag/Assembly-CSharp.dll.mvfrm","enqueuedNodeIndex":298,"enqueueingNodeAnnotation":"Csc Library/Bee/artifacts/1900b0aE.dag/Assembly-CSharp.dll (+2 others)","enqueueingNodeIndex":287}
{"msg":"enqueueNode","enqueuedNodeAnnotation":"WriteText Library/Bee/artifacts/1900b0aE.dag/Assembly-CSharp.dll.mvfrm.rsp","enqueuedNodeIndex":297,"enqueueingNodeAnnotation":"MovedFromExtractor-Combine Library/Bee/artifacts/1900b0aE.dag/Assembly-CSharp.dll.mvfrm","enqueueingNodeIndex":298}
{"msg":"enqueueNode","enqueuedNodeAnnotation":"CopyFiles Library/ScriptAssemblies/Assembly-CSharp.pdb","enqueuedNodeIndex":362,"enqueueingNodeAnnotation":"ScriptAssemblies","enqueueingNodeIndex":6}
{"msg":"enqueueNode","enqueuedNodeAnnotation":"CopyFiles Library/ScriptAssemblies/Assembly-CSharp-Editor.dll","enqueuedNodeIndex":363,"enqueueingNodeAnnotation":"ScriptAssemblies","enqueueingNodeIndex":6}
{"msg":"enqueueNode","enqueuedNodeAnnotation":"Csc Library/Bee/artifacts/1900b0aE.dag/Assembly-CSharp-Editor.dll (+2 others)","enqueuedNodeIndex":302,"enqueueingNodeAnnotation":"CopyFiles Library/ScriptAssemblies/Assembly-CSharp-Editor.dll","enqueueingNodeIndex":363}
{"msg":"enqueueNode","enqueuedNodeAnnotation":"WriteText Library/Bee/artifacts/1900b0aE.dag/Assembly-CSharp-Editor.UnityAdditionalFile.txt","enqueuedNodeIndex":299,"enqueueingNodeAnnotation":"Csc Library/Bee/artifacts/1900b0aE.dag/Assembly-CSharp-Editor.dll (+2 others)","enqueueingNodeIndex":302}
{"msg":"enqueueNode","enqueuedNodeAnnotation":"WriteText Library/Bee/artifacts/1900b0aE.dag/Assembly-CSharp-Editor.rsp","enqueuedNodeIndex":300,"enqueueingNodeAnnotation":"Csc Library/Bee/artifacts/1900b0aE.dag/Assembly-CSharp-Editor.dll (+2 others)","enqueueingNodeIndex":302}
{"msg":"enqueueNode","enqueuedNodeAnnotation":"WriteText Library/Bee/artifacts/1900b0aE.dag/Assembly-CSharp-Editor.rsp2","enqueuedNodeIndex":301,"enqueueingNodeAnnotation":"Csc Library/Bee/artifacts/1900b0aE.dag/Assembly-CSharp-Editor.dll (+2 others)","enqueueingNodeIndex":302}
{"msg":"enqueueNode","enqueuedNodeAnnotation":"MovedFromExtractor-Combine Library/Bee/artifacts/1900b0aE.dag/Assembly-CSharp-Editor.dll.mvfrm","enqueuedNodeIndex":304,"enqueueingNodeAnnotation":"Csc Library/Bee/artifacts/1900b0aE.dag/Assembly-CSharp-Editor.dll (+2 others)","enqueueingNodeIndex":302}
{"msg":"enqueueNode","enqueuedNodeAnnotation":"WriteText Library/Bee/artifacts/1900b0aE.dag/Assembly-CSharp-Editor.dll.mvfrm.rsp","enqueuedNodeIndex":303,"enqueueingNodeAnnotation":"MovedFromExtractor-Combine Library/Bee/artifacts/1900b0aE.dag/Assembly-CSharp-Editor.dll.mvfrm","enqueueingNodeIndex":304}
{"msg":"enqueueNode","enqueuedNodeAnnotation":"CopyFiles Library/ScriptAssemblies/Assembly-CSharp-Editor.pdb","enqueuedNodeIndex":364,"enqueueingNodeAnnotation":"ScriptAssemblies","enqueueingNodeIndex":6}
